building,machine,prod_date,cost_per_piece
PLANT 4,ANNY,1/2/2019,7.2414
PLANT 4,ANNY,1/3/2019,4.1176
PLANT 4,ANNY,1/4/2019,1.6118
PLANT 4,ANNY,1/7/2019,2.8
PLANT 4,ANNY,1/8/2019,1.7284
PLANT 4,ANNY,1/9/2019,2.5455
PLANT 4,ANNY,1/10/2019,3.1461
PLANT 4,ANNY,1/11/2019,3.4314
PLANT 4,ANNY,1/14/2019,0.6467
PLANT 4,ANNY,1/15/2019,2.5
PLANT 4,ANNY,1/16/2019,1.6279
PLANT 4,ANNY,1/17/2019,2.1705
PLANT 4,ANNY,1/18/2019,1.2069
PLANT 4,ANNY,1/21/2019,2.4792
PLANT 4,ANNY,1/22/2019,2.6563
PLANT 4,ANNY,1/23/2019,0.8393
PLANT 4,ANNY,1/24/2019,3.0625
PLANT 4,ANNY,1/28/2019,2.7632
PLANT 4,ANNY,1/29/2019,2.9281
PLANT 4,ANNY,1/30/2019,4.4304
PLANT 4,ANNY,1/31/2019,1.9663
PLANT 4,ANNY,2/4/2019,2.8926
PLANT 4,ANNY,2/5/2019,2.4268
PLANT 4,ANNY,2/6/2019,6.542
PLANT 4,ANNY,2/8/2019,1.5819
PLANT 4,ANNY,2/11/2019,1.7649
PLANT 4,ANNY,2/12/2019,2.6736
PLANT 4,ANNY,2/18/2019,2.284
PLANT 4,ANNY,2/19/2019,2.5461
PLANT 4,ANNY,2/21/2019,1.3218
PLANT 4,ANNY,2/25/2019,1.5531
PLANT 4,ANNY,2/26/2019,1.5625
PLANT 4,ANNY,2/27/2019,1.5929
PLANT 4,ANNY,2/28/2019,0.9496
PLANT 4,ANNY,3/1/2019,1.4934
PLANT 4,ANNY,3/4/2019,2.0847
PLANT 4,ANNY,3/5/2019,1.9003
PLANT 4,ANNY,3/6/2019,2.5828
PLANT 4,ANNY,3/7/2019,1.4934
PLANT 4,ANNY,3/8/2019,1.7257
PLANT 4,ANNY,3/11/2019,1.8712
PLANT 4,ANNY,3/12/2019,1.9293
PLANT 4,ANNY,3/13/2019,2.0436
PLANT 4,ANNY,3/14/2019,2.4306
PLANT 4,ANNY,3/17/2019,2.9868
PLANT 4,ANNY,3/19/2019,1.9718
PLANT 4,ANNY,3/20/2019,2.4653
PLANT 4,ANNY,3/21/2019,1.8941
PLANT 4,ANNY,3/22/2019,2.7984
PLANT 4,ANNY,3/25/2019,1.9293
PLANT 4,ANNY,3/26/2019,3.533
PLANT 4,ANNY,3/27/2019,0.3992
PLANT 4,ANNY,3/28/2019,1.1864
PLANT 4,ANNY,4/1/2019,1.4652
PLANT 4,ANNY,4/2/2019,1.7852
PLANT 4,ANNY,4/3/2019,3.7838
PLANT 4,ANNY,4/4/2019,4.7863
PLANT 4,ANNY,4/5/2019,4.8696
PLANT 4,ANNY,4/8/2019,1.3187
PLANT 4,ANNY,4/11/2019,4.8092
PLANT 4,ANNY,4/15/2019,3.8889
PLANT 4,ANNY,4/16/2019,3.15
PLANT 4,ANNY,4/17/2019,2.4638
PLANT 4,ANNY,4/18/2019,1.1413
PLANT 4,ANNY,4/19/2019,1.1134
PLANT 4,ANNY,4/22/2019,1.1703
PLANT 4,ANNY,4/23/2019,1.3668
PLANT 4,ANNY,4/24/2019,1.0579
PLANT 4,ANNY,4/25/2019,1.9711
PLANT 4,ANNY 2,1/2/2019,4.2424
PLANT 4,ANNY 2,1/3/2019,1.5642
PLANT 4,ANNY 2,1/7/2019,1.0769
PLANT 4,ANNY 2,1/8/2019,1.3208
PLANT 4,ANNY 2,1/9/2019,1.8919
PLANT 4,ANNY 2,1/10/2019,1.958
PLANT 4,ANNY 2,1/11/2019,1.9444
PLANT 4,ANNY 2,1/14/2019,1.7834
PLANT 4,ANNY 2,1/15/2019,1.5909
PLANT 4,ANNY 2,1/16/2019,1.4508
PLANT 4,ANNY 2,1/17/2019,1.4973
PLANT 4,ANNY 2,1/21/2019,1.3928
PLANT 4,ANNY 2,1/22/2019,2.5825
PLANT 4,ANNY 2,1/23/2019,2.4627
PLANT 4,ANNY 2,1/24/2019,1.8817
PLANT 4,ANNY 2,1/28/2019,1.68
PLANT 4,ANNY 2,1/29/2019,1.9886
PLANT 4,ANNY 2,1/30/2019,2.4306
PLANT 4,ANNY 2,1/31/2019,1.4
PLANT 4,ANNY 2,2/4/2019,1.5284
PLANT 4,ANNY 2,2/5/2019,1.5848
PLANT 4,ANNY 2,2/6/2019,3.1597
PLANT 4,ANNY 2,2/7/2019,1.8826
PLANT 4,ANNY 2,2/8/2019,1.8229
PLANT 4,ANNY 2,2/11/2019,1.5454
PLANT 4,ANNY 2,2/12/2019,1.8165
PLANT 4,ANNY 2,2/13/2019,2.1276
PLANT 4,ANNY 2,2/14/2019,1.9057
PLANT 4,ANNY 2,2/15/2019,1.5425
PLANT 4,ANNY 2,2/18/2019,1.2087
PLANT 4,ANNY 2,2/19/2019,2.203
PLANT 4,ANNY 2,2/20/2019,1.0766
PLANT 4,ANNY 2,2/21/2019,1.1811
PLANT 4,ANNY 2,2/22/2019,0.9004
PLANT 4,ANNY 2,2/25/2019,1.6435
PLANT 4,ANNY 2,2/26/2019,1.51
PLANT 4,ANNY 2,2/27/2019,1.5609
PLANT 4,ANNY 2,2/28/2019,2.0248
PLANT 4,ANNY 2,3/1/2019,1.0861
PLANT 4,ANNY 2,3/4/2019,1.2278
PLANT 4,ANNY 2,3/5/2019,1.629
PLANT 4,ANNY 2,3/6/2019,2.0243
PLANT 4,ANNY 2,3/7/2019,1.4934
PLANT 4,ANNY 2,3/8/2019,1.4315
PLANT 4,ANNY 2,3/11/2019,1.6435
PLANT 4,ANNY 2,3/12/2019,1.6435
PLANT 4,ANNY 2,3/13/2019,1.9293
PLANT 4,ANNY 2,3/14/2019,1.7353
PLANT 4,ANNY 2,3/18/2019,1.7162
PLANT 4,ANNY 2,3/19/2019,1.7391
PLANT 4,ANNY 2,3/20/2019,3.6119
PLANT 4,ANNY 2,3/21/2019,0.8395
PLANT 4,ANNY 2,3/22/2019,1.1214
PLANT 4,ANNY 2,3/25/2019,7
PLANT 4,ANNY 2,3/26/2019,2.2697
PLANT 4,ANNY 2,3/27/2019,0.8268
PLANT 4,ANNY 2,3/28/2019,1.6667
PLANT 4,ANNY 2,4/1/2019,4.9306
PLANT 4,ANNY 2,4/2/2019,2.9868
PLANT 4,ANNY 2,4/3/2019,2.6415
PLANT 4,ANNY 2,4/4/2019,1.8065
PLANT 4,ANNY 2,4/5/2019,1.697
PLANT 4,ANNY 2,4/8/2019,1.2003
PLANT 4,ANNY 2,4/9/2019,1.8448
PLANT 4,ANNY 2,4/10/2019,2.7138
PLANT 4,ANNY 2,4/11/2019,4.321
PLANT 4,ANNY 2,4/12/2019,4.0698
PLANT 4,ANNY 2,4/15/2019,1.7949
PLANT 4,ANNY 2,4/16/2019,3.5714
PLANT 4,ANNY 2,4/17/2019,3.125
PLANT 4,ANNY 2,4/18/2019,1.901
PLANT 4,ANNY 2,4/19/2019,2.7778
PLANT 4,ANNY 2,4/22/2019,1.992
PLANT 4,ANNY 2,4/23/2019,2.3406
PLANT 2,DF PRESS,1/3/2019,0.4698
PLANT 2,DF PRESS,1/4/2019,0.4375
PLANT 2,DF PRESS,1/5/2019,0.5795
PLANT 2,DF PRESS,1/7/2019,0.5766
PLANT 2,DF PRESS,1/14/2019,0.4698
PLANT 2,DF PRESS,1/15/2019,0.2612
PLANT 2,DF PRESS,1/16/2019,0.6076
PLANT 2,DF PRESS,1/17/2019,0.4892
PLANT 2,DF PRESS,1/18/2019,0.4456
PLANT 2,DF PRESS,1/21/2019,0.625
PLANT 2,DF PRESS,1/22/2019,0.4042
PLANT 2,DF PRESS,1/23/2019,0.4419
PLANT 2,DF PRESS,1/24/2019,0.3646
PLANT 2,DF PRESS,1/25/2019,0.4148
PLANT 2,DF PRESS,1/28/2019,0.7202
PLANT 2,DF PRESS,1/29/2019,0.8055
PLANT 2,DF PRESS,1/30/2019,0.3846
PLANT 2,DF PRESS,2/7/2019,1.1756
PLANT 2,DF PRESS,2/8/2019,0.3942
PLANT 2,DF PRESS,2/9/2019,0.6154
PLANT 2,DF PRESS,2/11/2019,0.6301
PLANT 2,DF PRESS,2/12/2019,0.7874
PLANT 2,DF PRESS,2/13/2019,0.5663
PLANT 2,DF PRESS,2/14/2019,0.4624
PLANT 2,DF PRESS,2/15/2019,0.4018
PLANT 2,DF PRESS,2/18/2019,0.4993
PLANT 2,DF PRESS,2/19/2019,0.5663
PLANT 2,DF PRESS,2/20/2019,0.3406
PLANT 2,DF PRESS,2/21/2019,0.4954
PLANT 2,DF PRESS,2/22/2019,0.3938
PLANT 2,DF PRESS,2/23/2019,0.3898
PLANT 2,DF PRESS,2/25/2019,0.3136
PLANT 2,DF PRESS,2/26/2019,0.5747
PLANT 2,DF PRESS,2/27/2019,1.4199
PLANT 2,DF PRESS,2/28/2019,0.9333
PLANT 2,DF PRESS,3/1/2019,0.6157
PLANT 2,DF PRESS,3/2/2019,0.4851
PLANT 2,DF PRESS,3/4/2019,0.4682
PLANT 2,DF PRESS,3/5/2019,0.3555
PLANT 2,DF PRESS,3/6/2019,0.5026
PLANT 2,DF PRESS,3/7/2019,0.4746
PLANT 2,DF PRESS,3/8/2019,0.3966
PLANT 2,DF PRESS,3/9/2019,0.356
PLANT 2,DF PRESS,3/11/2019,0.2737
PLANT 2,DF PRESS,3/12/2019,0.661
PLANT 2,DF PRESS,3/13/2019,1.1155
PLANT 2,DF PRESS,3/14/2019,0.3566
PLANT 2,DF PRESS,3/18/2019,0.7261
PLANT 2,DF PRESS,3/19/2019,0.6437
PLANT 2,DF PRESS,3/20/2019,0.3026
PLANT 2,DF PRESS,3/21/2019,0.4359
PLANT 2,DF PRESS,3/22/2019,0.377
PLANT 2,DF PRESS,3/25/2019,0.2748
PLANT 2,DF PRESS,3/26/2019,0.3448
PLANT 2,DF PRESS,3/27/2019,0.4602
PLANT 2,DF PRESS,3/28/2019,0.5569
PLANT 2,DF PRESS,3/29/2019,0.625
PLANT 2,DF PRESS,4/1/2019,0.2328
PLANT 2,DF PRESS,4/3/2019,0.3986
PLANT 2,DF PRESS,4/9/2019,0.4627
PLANT 2,DF PRESS,4/10/2019,0.2253
PLANT 2,DF PRESS,4/11/2019,0.3509
PLANT 2,DF PRESS,4/15/2019,0.9589
PLANT 2,DF PRESS,4/17/2019,0.8216
PLANT 2,DF PRESS,4/18/2019,0.4245
PLANT 2,DF PRESS,4/22/2019,0.4718
PLANT 2,DF PRESS,4/23/2019,0.5562
PLANT 2,DF PRESS,4/24/2019,0.4137
PLANT 2,DLOK,1/4/2019,0.6783
PLANT 2,DLOK,1/8/2019,0.5895
PLANT 2,DLOK,1/9/2019,0.5603
PLANT 2,DLOK,1/14/2019,0.375
PLANT 2,DLOK,1/15/2019,0.6512
PLANT 2,DLOK,1/18/2019,1.117
PLANT 2,DLOK,1/24/2019,0.8197
PLANT 2,DLOK,1/28/2019,0.9887
PLANT 2,DLOK,1/29/2019,0.7778
PLANT 2,DLOK,1/30/2019,0.9722
PLANT 2,DLOK,1/31/2019,0.9259
PLANT 2,DLOK,2/6/2019,0.5833
PLANT 2,DLOK,2/7/2019,0.5833
PLANT 2,DLOK,2/8/2019,0.525
PLANT 2,DLOK,2/12/2019,0.493
PLANT 2,DLOK,2/13/2019,0.4281
PLANT 2,DLOK,2/21/2019,1.0959
PLANT 2,DLOK,2/22/2019,0.6481
PLANT 2,DLOK,2/28/2019,0.6806
PLANT 2,DLOK,3/1/2019,0.4947
PLANT 2,DLOK,3/4/2019,0.614
PLANT 2,DLOK,3/5/2019,0.9197
PLANT 2,DLOK,3/8/2019,0.5344
PLANT 2,DLOK,3/14/2019,0.7865
PLANT 2,DLOK,3/20/2019,1.3146
PLANT 2,DLOK,3/21/2019,1.6048
PLANT 2,DLOK,3/22/2019,1.875
PLANT 2,DLOK,3/28/2019,0.2408
PLANT 2,DLOK,3/29/2019,0.7778
PLANT 2,DLOK,4/8/2019,1.3816
PLANT 2,DLOK,4/10/2019,0.6481
PLANT 2,DLOK,4/11/2019,0.6604
PLANT 2,DLOK,4/12/2019,1.0096
PLANT 2,DLOK,4/18/2019,0.6731
PLANT 2,DLOK,4/19/2019,7.0707
PLANT 2,DLOK,4/20/2019,0.7128
PLANT 4,DLOK P4,1/3/2019,0.4605
PLANT 4,DLOK P4,1/7/2019,1.0769
PLANT 4,DLOK P4,1/8/2019,0.9052
PLANT 4,DLOK P4,1/10/2019,0.4714
PLANT 4,DLOK P4,1/14/2019,0.1976
PLANT 4,DLOK P4,1/15/2019,1.0586
PLANT 4,DLOK P4,1/16/2019,0.377
PLANT 4,DLOK P4,1/21/2019,0.6912
PLANT 4,DLOK P4,1/23/2019,0.4713
PLANT 4,DLOK P4,1/24/2019,0.4336
PLANT 4,DLOK P4,1/28/2019,1.9291
PLANT 4,DLOK P4,1/29/2019,2.2727
PLANT 4,DLOK P4,1/30/2019,0.5
PLANT 4,DLOK P4,1/31/2019,1.327
PLANT 4,DLOK P4,2/13/2019,0.6391
PLANT 4,DLOK P4,2/14/2019,1.6523
PLANT 4,DLOK P4,2/20/2019,1.0861
PLANT 4,DLOK P4,2/28/2019,1.1947
PLANT 4,DLOK P4,3/5/2019,1.1056
PLANT 4,DLOK P4,3/6/2019,1.5475
PLANT 4,DLOK P4,3/7/2019,1.775
PLANT 4,DLOK P4,3/12/2019,1.2766
PLANT 4,DLOK P4,3/18/2019,1.0053
PLANT 4,DLOK P4,3/19/2019,0.7932
PLANT 4,DLOK P4,3/20/2019,1.1864
PLANT 4,DLOK P4,3/21/2019,0.7343
PLANT 4,DLOK P4,3/22/2019,0.6915
PLANT 4,DLOK P4,3/25/2019,0.4419
PLANT 4,DLOK P4,3/27/2019,0.8015
PLANT 4,DLOK P4,3/28/2019,0.1259
PLANT 4,DLOK P4,4/1/2019,0.6857
PLANT 4,DLOK P4,4/3/2019,1.0938
PLANT 4,DLOK P4,4/8/2019,0.9347
PLANT 4,DLOK P4,4/9/2019,0.8378
PLANT 4,DLOK P4,4/16/2019,1.0174
PLANT 4,DLOK P4,4/17/2019,1.8819
PLANT 4,DLOK P4,4/18/2019,1.0938
PLANT 4,DLOK P4,4/22/2019,0.5982
PLANT 4,DLOK P4,4/23/2019,1.7338
PLANT 4,DLOK P4,4/24/2019,0.3942
PLANT 4,DLOK P4,4/25/2019,0.3427
PLANT 2,EDGE GLUE,1/2/2019,0.8642
PLANT 2,EDGE GLUE,1/3/2019,0.7527
PLANT 2,EDGE GLUE,1/7/2019,1.1628
PLANT 2,EDGE GLUE,1/8/2019,0.5371
PLANT 2,EDGE GLUE,1/9/2019,1.0802
PLANT 2,EDGE GLUE,1/10/2019,0.3986
PLANT 2,EDGE GLUE,1/11/2019,0.4305
PLANT 2,EDGE GLUE,1/14/2019,0.6034
PLANT 2,EDGE GLUE,1/15/2019,0.9431
PLANT 2,EDGE GLUE,1/16/2019,0.4944
PLANT 2,EDGE GLUE,1/17/2019,1.087
PLANT 2,EDGE GLUE,1/21/2019,1.0448
PLANT 2,EDGE GLUE,1/22/2019,0.4627
PLANT 2,EDGE GLUE,1/23/2019,0.8974
PLANT 2,EDGE GLUE,1/29/2019,0.8929
PLANT 2,EDGE GLUE,1/30/2019,1.2963
PLANT 2,EDGE GLUE,1/31/2019,0.9211
PLANT 2,EDGE GLUE,2/4/2019,0.9126
PLANT 2,EDGE GLUE,2/5/2019,0.7028
PLANT 2,EDGE GLUE,2/6/2019,0.5311
PLANT 2,EDGE GLUE,2/8/2019,0.7813
PLANT 2,EDGE GLUE,2/9/2019,0.3382
PLANT 2,EDGE GLUE,2/11/2019,0.5054
PLANT 2,EDGE GLUE,2/12/2019,0.6718
PLANT 2,EDGE GLUE,2/13/2019,0.7928
PLANT 2,EDGE GLUE,2/14/2019,0.4118
PLANT 2,EDGE GLUE,2/15/2019,0.5705
PLANT 2,EDGE GLUE,2/16/2019,1.5813
PLANT 2,EDGE GLUE,2/18/2019,0.5875
PLANT 2,EDGE GLUE,2/19/2019,1.0606
PLANT 2,EDGE GLUE,2/20/2019,0.74
PLANT 2,EDGE GLUE,2/21/2019,0.9434
PLANT 2,EDGE GLUE,2/22/2019,0.9459
PLANT 2,EDGE GLUE,2/23/2019,0.614
PLANT 2,EDGE GLUE,2/25/2019,0.7037
PLANT 2,EDGE GLUE,2/26/2019,0.6146
PLANT 2,EDGE GLUE,2/27/2019,1.129
PLANT 2,EDGE GLUE,2/28/2019,0.6087
PLANT 2,EDGE GLUE,3/1/2019,0.46
PLANT 2,EDGE GLUE,3/2/2019,0.487
PLANT 2,EDGE GLUE,3/4/2019,0.4408
PLANT 2,EDGE GLUE,3/5/2019,0.6809
PLANT 2,EDGE GLUE,3/6/2019,0.6931
PLANT 2,EDGE GLUE,3/7/2019,0.8187
PLANT 2,EDGE GLUE,3/8/2019,0.8007
PLANT 2,EDGE GLUE,3/9/2019,0.3653
PLANT 2,EDGE GLUE,3/11/2019,0.4029
PLANT 2,EDGE GLUE,3/12/2019,0.8092
PLANT 2,EDGE GLUE,3/13/2019,0.3244
PLANT 2,EDGE GLUE,3/14/2019,0.6768
PLANT 2,EDGE GLUE,3/18/2019,0.5976
PLANT 2,EDGE GLUE,3/19/2019,0.6944
PLANT 2,EDGE GLUE,3/20/2019,0.4375
PLANT 2,EDGE GLUE,3/21/2019,0.6616
PLANT 2,EDGE GLUE,3/22/2019,0.7292
PLANT 2,EDGE GLUE,3/25/2019,0.4416
PLANT 2,EDGE GLUE,3/26/2019,0.473
PLANT 2,EDGE GLUE,3/27/2019,0.4817
PLANT 2,EDGE GLUE,3/28/2019,0.579
PLANT 2,EDGE GLUE,4/1/2019,1.0938
PLANT 2,EDGE GLUE,4/3/2019,0.4108
PLANT 2,EDGE GLUE,4/4/2019,0.524
PLANT 2,EDGE GLUE,4/5/2019,0.9211
PLANT 2,EDGE GLUE,4/9/2019,0.7005
PLANT 2,EDGE GLUE,4/10/2019,0.4037
PLANT 2,EDGE GLUE,4/11/2019,0.5686
PLANT 2,EDGE GLUE,4/12/2019,1.2329
PLANT 2,EDGE GLUE,4/15/2019,0.7799
PLANT 2,EDGE GLUE,4/17/2019,2.3514
PLANT 2,EDGE GLUE,4/22/2019,1.327
PLANT 2,EDGE GLUE,4/23/2019,0.6066
PLANT 2,EDGE GLUE,4/24/2019,0.9929
PLANT 2,GANGSAW,1/2/2019,0.1548
PLANT 2,GANGSAW,1/3/2019,0.2864
PLANT 2,GANGSAW,1/7/2019,2.6415
PLANT 2,GANGSAW,1/8/2019,0.62
PLANT 2,GANGSAW,1/9/2019,0.7625
PLANT 2,GANGSAW,1/10/2019,0.5673
PLANT 2,GANGSAW,1/11/2019,0.556
PLANT 2,GANGSAW,1/14/2019,1.5351
PLANT 2,GANGSAW,1/15/2019,1.129
PLANT 2,GANGSAW,1/17/2019,0.6213
PLANT 2,GANGSAW,1/21/2019,1.129
PLANT 2,GANGSAW,1/22/2019,0.6236
PLANT 2,GANGSAW,1/28/2019,0.9284
PLANT 2,GANGSAW,1/29/2019,0.9655
PLANT 2,GANGSAW,2/4/2019,0.9067
PLANT 2,GANGSAW,2/5/2019,0.2561
PLANT 2,GANGSAW,2/6/2019,0.3704
PLANT 2,GANGSAW,2/7/2019,0.4692
PLANT 2,GANGSAW,2/8/2019,0.982
PLANT 2,GANGSAW,2/11/2019,1.9718
PLANT 2,GANGSAW,2/12/2019,0.3995
PLANT 2,GANGSAW,2/13/2019,1.0249
PLANT 2,GANGSAW,2/14/2019,1.0036
PLANT 2,GANGSAW,2/16/2019,0.3889
PLANT 2,GANGSAW,2/18/2019,1.1945
PLANT 2,GANGSAW,2/20/2019,0.7284
PLANT 2,GANGSAW,2/21/2019,0.7721
PLANT 2,GANGSAW,2/22/2019,0.5299
PLANT 2,GANGSAW,2/25/2019,2.7344
PLANT 2,GANGSAW,2/26/2019,0.3185
PLANT 2,GANGSAW,2/28/2019,0.4014
PLANT 2,GANGSAW,3/1/2019,0.3425
PLANT 2,GANGSAW,3/4/2019,0.7384
PLANT 2,GANGSAW,3/5/2019,3.7634
PLANT 2,GANGSAW,3/6/2019,0.4142
PLANT 2,GANGSAW,3/8/2019,0.3253
PLANT 2,GANGSAW,3/11/2019,0.5372
PLANT 2,GANGSAW,3/12/2019,0.6951
PLANT 2,GANGSAW,3/13/2019,0.1376
PLANT 2,GANGSAW,3/14/2019,0.1515
PLANT 2,GANGSAW,3/18/2019,0.6124
PLANT 2,GANGSAW,3/19/2019,0.5368
PLANT 2,GANGSAW,3/20/2019,0.9079
PLANT 2,GANGSAW,3/21/2019,0.9186
PLANT 2,GANGSAW,3/22/2019,1.3566
PLANT 2,GANGSAW,3/25/2019,1.5184
PLANT 2,GANGSAW,3/26/2019,0.2879
PLANT 2,GANGSAW,4/1/2019,2.8689
PLANT 2,GANGSAW,4/3/2019,0.1359
PLANT 2,GANGSAW,4/4/2019,4.6053
PLANT 2,GANGSAW,4/8/2019,2.7027
PLANT 2,GANGSAW,4/9/2019,1.6706
PLANT 2,GANGSAW,4/10/2019,0.3571
PLANT 2,GANGSAW,4/11/2019,0.3453
PLANT 2,GANGSAW,4/12/2019,1.2987
PLANT 2,GANGSAW,4/15/2019,5.0725
PLANT 2,GANGSAW,4/17/2019,0.8631
PLANT 2,GANGSAW,4/18/2019,0.8424
PLANT 2,GANGSAW,4/22/2019,1.1475
PLANT 2,GANGSAW,4/23/2019,0.9972
PLANT 2,GANGSAW,4/24/2019,0.2599
PLANT 5,GRECON FJ,3/18/2019,0.7856
PLANT 5,GRECON FJ,3/19/2019,0.7543
PLANT 5,GRECON FJ,3/20/2019,0.6917
PLANT 5,GRECON FJ,3/21/2019,0.2998
PLANT 5,GRECON FJ,3/22/2019,1.4403
PLANT 5,GRECON FJ,3/25/2019,0.5124
PLANT 5,GRECON FJ,3/26/2019,0.4875
PLANT 5,GRECON FJ,3/27/2019,1.129
PLANT 5,GRECON FJ,3/28/2019,1.8798
PLANT 5,GRECON FJ,3/29/2019,0.9517
PLANT 5,GRECON FJ,4/1/2019,0.7692
PLANT 5,GRECON FJ,4/3/2019,0.7721
PLANT 5,GRECON FJ,4/8/2019,0.5185
PLANT 5,GRECON FJ,4/9/2019,0.814
PLANT 5,GRECON FJ,4/10/2019,1.4604
PLANT 5,GRECON FJ,4/11/2019,0.5939
PLANT 5,GRECON FJ,4/12/2019,3.0115
PLANT 5,GRECON FJ,4/15/2019,2.8662
PLANT 5,GRECON FJ,4/16/2019,1.8976
PLANT 5,GRECON FJ,4/17/2019,0.9091
PLANT 5,GRECON FJ,4/18/2019,1.4483
PLANT 5,GRECON FJ,4/19/2019,0.7266
PLANT 5,GRECON FJ,4/22/2019,0.7095
PLANT 5,GRECON FJ,4/23/2019,0.9906
PLANT 3,HNCH 1,1/2/2019,1.2069
PLANT 3,HNCH 1,1/3/2019,2.314
PLANT 3,HNCH 1,1/4/2019,1.4141
PLANT 3,HNCH 1,1/7/2019,1.0736
PLANT 3,HNCH 1,1/8/2019,2.1341
PLANT 3,HNCH 1,1/9/2019,2.5735
PLANT 3,HNCH 1,1/10/2019,2.8455
PLANT 3,HNCH 1,1/11/2019,4.5902
PLANT 3,HNCH 1,1/14/2019,0.6071
PLANT 3,HNCH 1,1/15/2019,1.341
PLANT 3,HNCH 1,1/16/2019,1.5766
PLANT 3,HNCH 1,1/17/2019,4.2683
PLANT 3,HNCH 1,1/18/2019,3.5
PLANT 3,HNCH 1,1/21/2019,0.7292
PLANT 3,HNCH 1,1/22/2019,2.5
PLANT 3,HNCH 1,1/23/2019,2.071
PLANT 3,HNCH 1,1/25/2019,8.9744
PLANT 3,HNCH 1,1/30/2019,1.9444
PLANT 3,HNCH 1,1/31/2019,4.5902
PLANT 3,HNCH 1,2/4/2019,6.747
PLANT 3,HNCH 1,2/5/2019,0.9287
PLANT 3,HNCH 1,2/6/2019,3.1461
PLANT 3,HNCH 1,2/7/2019,1.1475
PLANT 3,HNCH 1,2/8/2019,1.7073
PLANT 3,HNCH 1,2/11/2019,0.9915
PLANT 3,HNCH 1,2/12/2019,0.7609
PLANT 3,HNCH 1,2/13/2019,2.1374
PLANT 3,HNCH 1,2/14/2019,0.915
PLANT 3,HNCH 1,2/15/2019,0.915
PLANT 3,HNCH 1,2/18/2019,1.3158
PLANT 3,HNCH 1,2/20/2019,1.4
PLANT 3,HNCH 1,2/21/2019,0.8294
PLANT 3,HNCH 1,2/22/2019,0.6924
PLANT 3,HNCH 1,2/26/2019,3.3981
PLANT 3,HNCH 1,2/27/2019,2.3026
PLANT 3,HNCH 1,3/1/2019,2.518
PLANT 3,HNCH 1,3/5/2019,0.7511
PLANT 3,HNCH 1,3/6/2019,0.875
PLANT 3,HNCH 1,3/13/2019,5.1852
PLANT 3,HNCH 1,3/14/2019,2.6047
PLANT 3,HNCH 1,3/18/2019,2.3529
PLANT 3,HNCH 1,3/19/2019,2.3333
PLANT 3,HNCH 1,3/20/2019,5.1852
PLANT 3,HNCH 1,3/21/2019,4.1481
PLANT 3,HNCH 1,3/22/2019,2.8426
PLANT 3,HNCH 1,3/25/2019,4.5528
PLANT 3,HNCH 1,3/26/2019,1.6232
PLANT 3,HNCH 1,3/28/2019,6.4368
PLANT 3,HNCH 1,3/29/2019,2.8
PLANT 3,HNCH 1,4/1/2019,3.1818
PLANT 3,HNCH 1,4/2/2019,3.1111
PLANT 3,HNCH 1,4/3/2019,1.1452
PLANT 3,HNCH 1,4/5/2019,3.0702
PLANT 3,HNCH 1,4/8/2019,1.1336
PLANT 3,HNCH 1,4/9/2019,0.7821
PLANT 3,HNCH 1,4/10/2019,2.9947
PLANT 3,HNCH 1,4/11/2019,2.7184
PLANT 3,HNCH 1,4/12/2019,3.1461
PLANT 3,HNCH 1,4/15/2019,0.8211
PLANT 3,HNCH 1,4/16/2019,1.037
PLANT 3,HNCH 1,4/17/2019,2.1374
PLANT 3,HNCH 1,4/18/2019,2.0513
PLANT 3,HNCH 1,4/19/2019,1.5176
PLANT 3,HNCH 1,4/22/2019,5.283
PLANT 3,HNCH 1,4/23/2019,2.4889
PLANT 3,HNCH 1,4/25/2019,4.4444
PLANT 3,HNCH 1,4/26/2019,2.2047
PLANT 3,HNCH 3,1/2/2019,2.8
PLANT 3,HNCH 3,1/3/2019,1.547
PLANT 3,HNCH 3,1/7/2019,1.2963
PLANT 3,HNCH 3,1/8/2019,2.24
PLANT 3,HNCH 3,1/9/2019,1.0108
PLANT 3,HNCH 3,1/10/2019,2
PLANT 3,HNCH 3,1/11/2019,1.1475
PLANT 3,HNCH 3,1/14/2019,1.6204
PLANT 3,HNCH 3,1/15/2019,1.6471
PLANT 3,HNCH 3,1/16/2019,2.24
PLANT 3,HNCH 3,1/17/2019,1
PLANT 3,HNCH 3,1/18/2019,1.7797
PLANT 3,HNCH 3,1/21/2019,9.1589
PLANT 3,HNCH 3,1/22/2019,3.6364
PLANT 3,HNCH 3,1/23/2019,0.765
PLANT 3,HNCH 3,1/24/2019,2.1875
PLANT 3,HNCH 3,1/25/2019,1.5556
PLANT 3,HNCH 3,1/28/2019,2.0588
PLANT 3,HNCH 3,1/29/2019,1.9337
PLANT 3,HNCH 3,1/30/2019,0.5907
PLANT 3,HNCH 3,1/31/2019,2.6119
PLANT 3,HNCH 3,2/4/2019,1.806
PLANT 3,HNCH 3,2/6/2019,1.5079
PLANT 3,HNCH 3,2/7/2019,1.4
PLANT 3,HNCH 3,2/8/2019,2.5
PLANT 3,HNCH 3,2/11/2019,2.3532
PLANT 3,HNCH 3,2/12/2019,3.3764
PLANT 3,HNCH 3,2/13/2019,3.6979
PLANT 3,HNCH 3,2/14/2019,0.9245
PLANT 3,HNCH 3,2/15/2019,1.2096
PLANT 3,HNCH 3,2/18/2019,1.4286
PLANT 3,HNCH 3,2/19/2019,1.7677
PLANT 3,HNCH 3,2/20/2019,0.9528
PLANT 3,HNCH 3,2/21/2019,1.5377
PLANT 3,HNCH 3,2/22/2019,1.0354
PLANT 3,HNCH 3,2/25/2019,1.875
PLANT 3,HNCH 3,2/26/2019,1.5079
PLANT 3,HNCH 3,2/27/2019,1.1505
PLANT 3,HNCH 3,2/28/2019,1.7649
PLANT 3,HNCH 3,3/1/2019,0.9473
PLANT 3,HNCH 3,3/4/2019,3.4902
PLANT 3,HNCH 3,3/5/2019,1.9711
PLANT 3,HNCH 3,3/6/2019,2.1523
PLANT 3,HNCH 3,3/8/2019,1.7949
PLANT 3,HNCH 3,3/11/2019,1.2181
PLANT 3,HNCH 3,3/12/2019,2.017
PLANT 3,HNCH 3,3/13/2019,1.2326
PLANT 3,HNCH 3,3/14/2019,1.2943
PLANT 3,HNCH 3,3/15/2019,2.903
PLANT 3,HNCH 3,3/18/2019,2.5254
PLANT 3,HNCH 3,3/19/2019,1.1429
PLANT 3,HNCH 3,3/20/2019,1.159
PLANT 3,HNCH 3,3/21/2019,2.485
PLANT 3,HNCH 3,3/22/2019,1.9536
PLANT 3,HNCH 3,3/25/2019,1.7649
PLANT 3,HNCH 3,3/26/2019,1.387
PLANT 3,HNCH 3,3/28/2019,2.6549
PLANT 3,HNCH 3,3/29/2019,1.9091
PLANT 3,HNCH 3,4/1/2019,0.9136
PLANT 3,HNCH 3,4/2/2019,2.0571
PLANT 3,HNCH 3,4/3/2019,2.1538
PLANT 3,HNCH 3,4/4/2019,5.1852
PLANT 3,HNCH 3,4/5/2019,1.75
PLANT 3,HNCH 3,4/8/2019,1.07
PLANT 3,HNCH 3,4/9/2019,2.5304
PLANT 3,HNCH 3,4/10/2019,1.3806
PLANT 3,HNCH 3,4/15/2019,3.3816
PLANT 3,HNCH 3,4/16/2019,3.4483
PLANT 3,HNCH 3,4/17/2019,1.75
PLANT 3,HNCH 3,4/18/2019,0.6948
PLANT 3,HNCH 3,4/19/2019,0.9861
PLANT 3,HNCH 3,4/22/2019,2.1039
PLANT 3,HNCH 3,4/23/2019,2.1773
PLANT 3,HNCH 3,4/24/2019,1.3471
PLANT 3,HNCH 3,4/25/2019,3.2424
PLANT 3,HING 1,1/9/2019,1.4
PLANT 3,HING 1,1/31/2019,1.4
PLANT 3,HING 1,2/12/2019,1.4894
PLANT 3,HING 1,2/25/2019,0.7
PLANT 3,HING 1,2/26/2019,1.1915
PLANT 3,HING 1,3/4/2019,1.6422
PLANT 3,HING 1,3/27/2019,2.24
PLANT 3,HING 1,3/28/2019,1.2815
PLANT 3,HING 1,4/2/2019,3.7333
PLANT 3,HING 1,4/11/2019,2.2764
PLANT 3,HING 1,4/18/2019,1.3462
PLANT 3,HINGE PLATE,1/4/2019,0.8294
PLANT 3,HINGE PLATE,2/28/2019,1.4
PLANT 3,HINGE PLATE,3/6/2019,0.4375
PLANT 3,HINGE PLATE,3/7/2019,3.1461
PLANT 3,HINGE PLATE,3/13/2019,0.6222
PLANT 3,HINGE PLATE,3/25/2019,2.6923
PLANT 3,HINGE PLATE,3/29/2019,1.8065
PLANT 3,HINGE PLATE,4/2/2019,0.6863
PLANT 3,HINGE PLATE,4/3/2019,1.2903
PLANT 3,HINGE PLATE,4/9/2019,0.2705
PLANT 3,HINGE PLATE,4/11/2019,1.1429
PLANT 3,HINGE PLATE,4/18/2019,2.0115
PLANT 3,HINGE PLATE,4/22/2019,3.1638
PLANT 2,KVAL TRIMMER,1/2/2019,0.5766
PLANT 2,KVAL TRIMMER,1/9/2019,2.3333
PLANT 2,KVAL TRIMMER,3/27/2019,0.2288
PLANT 2,KVAL TRIMMER,3/28/2019,0.2975
PLANT 2,KVAL TRIMMER,4/11/2019,0.2059
PLANT 2,KVAL TRIMMER,4/13/2019,0.3917
PLANT 2,KVAL TRIMMER,4/15/2019,0.1556
PLANT 2,KVAL TRIMMER,4/16/2019,0.1944
PLANT 2,KVAL TRIMMER,4/17/2019,0.245
PLANT 2,KVAL TRIMMER,4/24/2019,0.4437
PLANT 2,MITER SAW P2,1/2/2019,10.6944
PLANT 2,MITER SAW P2,1/3/2019,7.1296
PLANT 2,MITER SAW P2,1/9/2019,0.1823
PLANT 2,MITER SAW P2,1/10/2019,0.1927
PLANT 2,MITER SAW P2,1/16/2019,0.6481
PLANT 2,MITER SAW P2,1/17/2019,1.1932
PLANT 2,MITER SAW P2,1/18/2019,0.3431
PLANT 2,MITER SAW P2,1/23/2019,0.473
PLANT 2,MITER SAW P2,1/24/2019,0.9563
PLANT 2,MITER SAW P2,1/30/2019,0.7985
PLANT 2,MITER SAW P2,2/8/2019,0.1976
PLANT 2,MITER SAW P2,2/11/2019,0.7292
PLANT 2,MITER SAW P2,2/15/2019,1.0938
PLANT 2,MITER SAW P2,2/20/2019,0.2734
PLANT 2,MITER SAW P2,2/25/2019,5.4688
PLANT 2,MITER SAW P2,3/6/2019,0.2244
PLANT 2,MITER SAW P2,3/22/2019,0.6731
PLANT 2,MITER SAW P2,3/28/2019,0.8974
PLANT 2,MITER SAW P2,3/30/2019,0.5833
PLANT 4,MITER SAW P4,3/26/2019,0.0836
PLANT 2,MLDR 1,1/2/2019,0.3765
PLANT 2,MLDR 1,1/3/2019,0.7
PLANT 2,MLDR 1,1/4/2019,0.4864
PLANT 2,MLDR 1,1/5/2019,1.341
PLANT 2,MLDR 1,1/7/2019,0.8187
PLANT 2,MLDR 1,1/8/2019,0.2969
PLANT 2,MLDR 1,1/9/2019,3.0435
PLANT 2,MLDR 1,1/10/2019,0.4723
PLANT 2,MLDR 1,1/11/2019,0.5828
PLANT 2,MLDR 1,1/12/2019,0.4058
PLANT 2,MLDR 1,1/14/2019,1.1036
PLANT 2,MLDR 1,1/15/2019,0.5968
PLANT 2,MLDR 1,1/16/2019,0.578
PLANT 2,MLDR 1,1/17/2019,0.2815
PLANT 2,MLDR 1,1/21/2019,1.2963
PLANT 2,MLDR 1,1/22/2019,1.4706
PLANT 2,MLDR 1,1/23/2019,0.6404
PLANT 2,MLDR 1,1/24/2019,0.5668
PLANT 2,MLDR 1,1/29/2019,1.1824
PLANT 2,MLDR 1,1/30/2019,1.8182
PLANT 2,MLDR 1,1/31/2019,0.6233
PLANT 2,MLDR 1,2/4/2019,0.8009
PLANT 2,MLDR 1,2/5/2019,1.6588
PLANT 2,MLDR 1,2/6/2019,1.2259
PLANT 2,MLDR 1,2/7/2019,0.4403
PLANT 2,MLDR 1,2/8/2019,1.327
PLANT 2,MLDR 1,2/11/2019,1.0401
PLANT 2,MLDR 1,2/12/2019,1.7157
PLANT 2,MLDR 1,2/13/2019,0.8413
PLANT 2,MLDR 1,2/14/2019,1.9663
PLANT 2,MLDR 1,2/15/2019,3.4314
PLANT 2,MLDR 1,2/18/2019,0.9859
PLANT 2,MLDR 1,2/19/2019,0.8464
PLANT 2,MLDR 1,2/20/2019,1.7391
PLANT 2,MLDR 1,2/21/2019,1.5135
PLANT 2,MLDR 1,2/22/2019,0.6052
PLANT 2,MLDR 1,2/25/2019,0.8321
PLANT 2,MLDR 1,2/26/2019,1.037
PLANT 2,MLDR 1,2/27/2019,0.5613
PLANT 2,MLDR 1,2/28/2019,0.5809
PLANT 2,MLDR 1,3/1/2019,1.2367
PLANT 2,MLDR 1,3/2/2019,0.6119
PLANT 2,MLDR 1,3/4/2019,1.092
PLANT 2,MLDR 1,3/5/2019,0.5352
PLANT 2,MLDR 1,3/6/2019,0.3431
PLANT 2,MLDR 1,3/7/2019,0.7463
PLANT 2,MLDR 1,3/11/2019,2.3891
PLANT 2,MLDR 1,3/12/2019,1.3384
PLANT 2,MLDR 1,3/13/2019,1.2027
PLANT 2,MLDR 1,3/14/2019,0.5162
PLANT 2,MLDR 1,3/18/2019,0.7656
PLANT 2,MLDR 1,3/19/2019,1.9022
PLANT 2,MLDR 1,3/20/2019,0.7368
PLANT 2,MLDR 1,3/21/2019,0.5061
PLANT 2,MLDR 1,3/22/2019,4.6667
PLANT 2,MLDR 1,3/23/2019,0.2244
PLANT 2,MLDR 1,3/25/2019,0.1668
PLANT 2,MLDR 1,3/26/2019,0.1919
PLANT 2,MLDR 1,3/27/2019,3.9106
PLANT 2,MLDR 1,3/28/2019,0.5872
PLANT 2,MLDR 1,3/29/2019,0.6763
PLANT 2,MLDR 1,3/30/2019,0.3346
PLANT 2,MLDR 1,4/1/2019,3.1963
PLANT 2,MLDR 1,4/3/2019,0.171
PLANT 2,MLDR 1,4/4/2019,0.184
PLANT 2,MLDR 1,4/8/2019,0.5072
PLANT 2,MLDR 1,4/9/2019,0.4294
PLANT 2,MLDR 1,4/10/2019,1.4322
PLANT 2,MLDR 1,4/11/2019,0.6763
PLANT 2,MLDR 1,4/12/2019,1.3254
PLANT 2,MLDR 1,4/15/2019,6.422
PLANT 2,MLDR 1,4/16/2019,1.8253
PLANT 2,MLDR 1,4/17/2019,0.8578
PLANT 2,MLDR 1,4/18/2019,0.384
PLANT 2,MLDR 1,4/19/2019,2.349
PLANT 2,MLDR 1,4/22/2019,0.6375
PLANT 2,MLDR 1,4/23/2019,0.8159
PLANT 2,MLDR 1,4/24/2019,0.5464
PLANT 2,MLDR 2,1/2/2019,0.0456
PLANT 2,MLDR 2,1/3/2019,0.0708
PLANT 2,MLDR 2,1/4/2019,0.0431
PLANT 2,MLDR 2,1/7/2019,0.0486
PLANT 2,MLDR 2,1/8/2019,0.3068
PLANT 2,MLDR 2,1/9/2019,0.0467
PLANT 2,MLDR 2,1/10/2019,0.0558
PLANT 2,MLDR 2,1/11/2019,0.0623
PLANT 2,MLDR 2,1/12/2019,0.0405
PLANT 2,MLDR 2,1/14/2019,0.0385
PLANT 2,MLDR 2,1/15/2019,0.0368
PLANT 2,MLDR 2,1/16/2019,0.0338
PLANT 2,MLDR 2,1/17/2019,0.0493
PLANT 2,MLDR 2,1/21/2019,0.0398
PLANT 2,MLDR 2,1/22/2019,0.1406
PLANT 2,MLDR 2,1/23/2019,0.0611
PLANT 2,MLDR 2,1/24/2019,0.0289
PLANT 2,MLDR 2,1/28/2019,0.0434
PLANT 2,MLDR 2,1/29/2019,0.0357
PLANT 2,MLDR 2,1/31/2019,0.0753
PLANT 2,MLDR 2,2/1/2019,0.0338
PLANT 2,MLDR 2,2/4/2019,0.0405
PLANT 2,MLDR 2,2/5/2019,0.0606
PLANT 2,MLDR 2,2/6/2019,0.1029
PLANT 2,MLDR 2,2/7/2019,0.2771
PLANT 2,MLDR 2,2/8/2019,0.0622
PLANT 2,MLDR 2,2/9/2019,0.0447
PLANT 2,MLDR 2,2/11/2019,0.0417
PLANT 2,MLDR 2,2/12/2019,0.045
PLANT 2,MLDR 2,2/13/2019,0.0487
PLANT 2,MLDR 2,2/14/2019,0.017
PLANT 2,MLDR 2,2/18/2019,0.0486
PLANT 2,MLDR 2,2/19/2019,0.2333
PLANT 2,MLDR 2,2/21/2019,0.0622
PLANT 2,MLDR 2,2/22/2019,0.0579
PLANT 2,MLDR 2,2/25/2019,0.0526
PLANT 2,MLDR 2,2/27/2019,0.0434
PLANT 2,MLDR 2,2/28/2019,0.1094
PLANT 2,MLDR 2,3/1/2019,0.0682
PLANT 2,MLDR 2,3/2/2019,0.0579
PLANT 2,MLDR 2,3/4/2019,0.0368
PLANT 2,MLDR 2,3/5/2019,0.0368
PLANT 2,MLDR 2,3/6/2019,0.0534
PLANT 2,MLDR 2,3/7/2019,0.038
PLANT 2,MLDR 2,3/8/2019,0.0486
PLANT 2,MLDR 2,3/11/2019,0.1841
PLANT 2,MLDR 2,3/12/2019,0.162
PLANT 2,MLDR 2,3/13/2019,0.081
PLANT 2,MLDR 2,3/14/2019,0.072
PLANT 2,MLDR 2,3/15/2019,0.0503
PLANT 2,MLDR 2,3/19/2019,0.0487
PLANT 2,MLDR 2,3/20/2019,0.0579
PLANT 2,MLDR 2,3/21/2019,0.0405
PLANT 2,MLDR 2,3/22/2019,0.0519
PLANT 2,MLDR 2,3/23/2019,0.0724
PLANT 2,MLDR 2,3/25/2019,0.0699
PLANT 2,MLDR 2,3/26/2019,0.045
PLANT 2,MLDR 2,3/27/2019,0.06
PLANT 2,MLDR 2,3/28/2019,0.059
PLANT 2,MLDR 2,3/29/2019,0.0405
PLANT 2,MLDR 2,4/1/2019,0.038
PLANT 2,MLDR 2,4/3/2019,0.0529
PLANT 2,MLDR 2,4/4/2019,0.0486
PLANT 2,MLDR 2,4/8/2019,0.0486
PLANT 2,MLDR 2,4/9/2019,0.1326
PLANT 2,MLDR 2,4/10/2019,0.1961
PLANT 2,MLDR 2,4/11/2019,0.1331
PLANT 2,MLDR 2,4/12/2019,1.4737
PLANT 2,MLDR 2,4/17/2019,0.0617
PLANT 2,MLDR 2,4/18/2019,0.082
PLANT 2,MLDR 2,4/19/2019,0.0579
PLANT 2,MLDR 2,4/20/2019,0.0405
PLANT 2,MLDR 2,4/22/2019,0.091
PLANT 2,MLDR 2,4/23/2019,0.08
PLANT 2,MLDR 2,4/24/2019,0.0405
PLANT 2,MLDR 3,1/2/2019,0.5414
PLANT 2,MLDR 3,1/3/2019,3.0939
PLANT 2,MLDR 3,1/4/2019,0.6718
PLANT 2,MLDR 3,1/5/2019,0.3271
PLANT 2,MLDR 3,1/7/2019,1.3566
PLANT 2,MLDR 3,1/8/2019,0.6045
PLANT 2,MLDR 3,1/9/2019,1.0479
PLANT 2,MLDR 3,1/10/2019,0.467
PLANT 2,MLDR 3,1/11/2019,0.65
PLANT 2,MLDR 3,1/14/2019,0.2533
PLANT 2,MLDR 3,1/15/2019,5.2239
PLANT 2,MLDR 3,1/16/2019,1.566
PLANT 2,MLDR 3,1/17/2019,3.2864
PLANT 2,MLDR 3,1/18/2019,0.4895
PLANT 2,MLDR 3,1/21/2019,0.9709
PLANT 2,MLDR 3,1/22/2019,3.3493
PLANT 2,MLDR 3,1/23/2019,1.1272
PLANT 2,MLDR 3,1/24/2019,0.1642
PLANT 2,MLDR 3,1/28/2019,3.6082
PLANT 2,MLDR 3,1/29/2019,2.9536
PLANT 2,MLDR 3,1/30/2019,2.1132
PLANT 2,MLDR 3,1/31/2019,1.5419
PLANT 2,MLDR 3,2/1/2019,0.2893
PLANT 2,MLDR 3,2/4/2019,0.6591
PLANT 2,MLDR 3,2/5/2019,1.0654
PLANT 2,MLDR 3,2/6/2019,1
PLANT 2,MLDR 3,2/7/2019,0.8696
PLANT 2,MLDR 3,2/8/2019,0.3195
PLANT 2,MLDR 3,2/11/2019,1.6548
PLANT 2,MLDR 3,2/12/2019,0.4775
PLANT 2,MLDR 3,2/13/2019,3.1111
PLANT 2,MLDR 3,2/14/2019,0.9079
PLANT 2,MLDR 3,2/15/2019,0.625
PLANT 2,MLDR 3,2/18/2019,0.3032
PLANT 2,MLDR 3,2/19/2019,0.7667
PLANT 2,MLDR 3,2/20/2019,2.5
PLANT 2,MLDR 3,2/21/2019,0.7545
PLANT 2,MLDR 3,2/22/2019,0.9211
PLANT 2,MLDR 3,2/23/2019,0.7778
PLANT 2,MLDR 3,2/25/2019,0.4944
PLANT 2,MLDR 3,2/26/2019,0.5212
PLANT 2,MLDR 3,2/27/2019,0.3821
PLANT 2,MLDR 3,2/28/2019,0.5128
PLANT 2,MLDR 3,3/1/2019,0.4507
PLANT 2,MLDR 3,3/2/2019,0.3065
PLANT 2,MLDR 3,3/4/2019,0.5663
PLANT 2,MLDR 3,3/5/2019,2.0588
PLANT 2,MLDR 3,3/6/2019,2.5806
PLANT 2,MLDR 3,3/7/2019,3.2258
PLANT 2,MLDR 3,3/8/2019,1.3302
PLANT 2,MLDR 3,3/11/2019,2.0528
PLANT 2,MLDR 3,3/12/2019,3.8889
PLANT 2,MLDR 3,3/13/2019,0.656
PLANT 2,MLDR 3,3/14/2019,0.4778
PLANT 2,MLDR 3,3/18/2019,2.9787
PLANT 2,MLDR 3,3/19/2019,0.6616
PLANT 2,MLDR 3,3/20/2019,1.575
PLANT 2,MLDR 3,3/21/2019,0.6674
PLANT 2,MLDR 3,3/22/2019,0.8149
PLANT 2,MLDR 3,3/23/2019,0.7778
PLANT 2,MLDR 3,3/25/2019,0.7028
PLANT 2,MLDR 3,3/26/2019,0.9091
PLANT 2,MLDR 3,3/27/2019,1.1966
PLANT 2,MLDR 3,3/28/2019,2.3729
PLANT 2,MLDR 3,3/29/2019,0.3384
PLANT 2,MLDR 3,4/1/2019,0.9284
PLANT 2,MLDR 3,4/3/2019,0.463
PLANT 2,MLDR 3,4/4/2019,0.3428
PLANT 2,MLDR 3,4/8/2019,0.3642
PLANT 2,MLDR 3,4/9/2019,0.5785
PLANT 2,MLDR 3,4/10/2019,0.9333
PLANT 2,MLDR 3,4/11/2019,2.5362
PLANT 2,MLDR 3,4/12/2019,2.249
PLANT 2,MLDR 3,4/16/2019,1.3245
PLANT 2,MLDR 3,4/17/2019,5.3435
PLANT 2,MLDR 3,4/18/2019,0.6239
PLANT 2,MLDR 3,4/19/2019,1.0279
PLANT 2,MLDR 3,4/20/2019,0.2188
PLANT 2,MLDR 3,4/23/2019,0.8383
PLANT 2,MLDR 3,4/24/2019,1.0802
PLANT 2,MLDR 4,1/2/2019,0.8378
PLANT 2,MLDR 4,1/3/2019,0.2736
PLANT 2,MLDR 4,1/4/2019,0.6058
PLANT 2,MLDR 4,1/7/2019,2.1084
PLANT 2,MLDR 4,1/8/2019,1.417
PLANT 2,MLDR 4,1/9/2019,1.3889
PLANT 2,MLDR 4,1/10/2019,0.8284
PLANT 2,MLDR 4,1/11/2019,0.5018
PLANT 2,MLDR 4,1/14/2019,0.3523
PLANT 2,MLDR 4,1/15/2019,1.0836
PLANT 2,MLDR 4,1/16/2019,0.7539
PLANT 2,MLDR 4,1/17/2019,1.3035
PLANT 2,MLDR 4,1/21/2019,0.5412
PLANT 2,MLDR 4,1/22/2019,1.3487
PLANT 2,MLDR 4,1/23/2019,0.7231
PLANT 2,MLDR 4,1/24/2019,0.9964
PLANT 2,MLDR 4,1/28/2019,1.1864
PLANT 2,MLDR 4,1/29/2019,0.385
PLANT 2,MLDR 4,1/30/2019,1.123
PLANT 2,MLDR 4,2/1/2019,2.1341
PLANT 2,MLDR 4,2/4/2019,0.9736
PLANT 2,MLDR 4,2/5/2019,0.8444
PLANT 2,MLDR 4,2/6/2019,0.4996
PLANT 2,MLDR 4,2/7/2019,0.3546
PLANT 2,MLDR 4,2/8/2019,0.3067
PLANT 2,MLDR 4,2/9/2019,0.5318
PLANT 2,MLDR 4,2/11/2019,1.0145
PLANT 2,MLDR 4,2/12/2019,1.0703
PLANT 2,MLDR 4,2/13/2019,0.5095
PLANT 2,MLDR 4,2/14/2019,0.8373
PLANT 2,MLDR 4,2/15/2019,0.9859
PLANT 2,MLDR 4,2/16/2019,0.4204
PLANT 2,MLDR 4,2/18/2019,0.6346
PLANT 2,MLDR 4,2/19/2019,1.6667
PLANT 2,MLDR 4,2/20/2019,0.5976
PLANT 2,MLDR 4,2/21/2019,1.4366
PLANT 2,MLDR 4,2/22/2019,0.6783
PLANT 2,MLDR 4,2/23/2019,0.264
PLANT 2,MLDR 4,2/25/2019,0.7947
PLANT 2,MLDR 4,2/26/2019,1.3359
PLANT 2,MLDR 4,2/27/2019,0.5825
PLANT 2,MLDR 4,2/28/2019,0.4274
PLANT 2,MLDR 4,3/2/2019,0.597
PLANT 2,MLDR 4,3/4/2019,0.7973
PLANT 2,MLDR 4,3/5/2019,0.5443
PLANT 2,MLDR 4,3/6/2019,0.4189
PLANT 2,MLDR 4,3/7/2019,0.4749
PLANT 2,MLDR 4,3/8/2019,0.5594
PLANT 2,MLDR 4,3/11/2019,1.2048
PLANT 2,MLDR 4,3/12/2019,1.417
PLANT 2,MLDR 4,3/13/2019,0.3528
PLANT 2,MLDR 4,3/14/2019,0.5512
PLANT 2,MLDR 4,3/18/2019,1.8617
PLANT 2,MLDR 4,3/19/2019,0.74
PLANT 2,MLDR 4,3/20/2019,0.4484
PLANT 2,MLDR 4,3/21/2019,1.0638
PLANT 2,MLDR 4,3/22/2019,3.2941
PLANT 2,MLDR 4,3/23/2019,0.5091
PLANT 2,MLDR 4,3/25/2019,0.2303
PLANT 2,MLDR 4,3/26/2019,1.5385
PLANT 2,MLDR 4,3/27/2019,0.656
PLANT 2,MLDR 4,3/28/2019,1.689
PLANT 2,MLDR 4,3/29/2019,0.2903
PLANT 2,MLDR 4,4/1/2019,2.8455
PLANT 2,MLDR 4,4/3/2019,1.0753
PLANT 2,MLDR 4,4/4/2019,1.566
PLANT 2,MLDR 4,4/5/2019,0.8652
PLANT 2,MLDR 4,4/8/2019,0.467
PLANT 2,MLDR 4,4/9/2019,0.8226
PLANT 2,MLDR 4,4/10/2019,0.8509
PLANT 2,MLDR 4,4/11/2019,1.1577
PLANT 2,MLDR 4,4/12/2019,1.5819
PLANT 2,MLDR 4,4/15/2019,1.0938
PLANT 2,MLDR 4,4/16/2019,1.0853
PLANT 2,MLDR 4,4/17/2019,1.8253
PLANT 2,MLDR 4,4/18/2019,0.7675
PLANT 2,MLDR 4,4/19/2019,0.9758
PLANT 2,MLDR 4,4/20/2019,0.3708
PLANT 2,MLDR 4,4/22/2019,3.0043
PLANT 2,MLDR 4,4/23/2019,3.5714
PLANT 2,MLDR 4,4/24/2019,0.8861
PLANT 2,OPTICUT 200,1/22/2019,0.162
PLANT 2,OPTICUT 200,1/23/2019,0.108
PLANT 2,OPTICUT 200,1/24/2019,0.1007
PLANT 2,OPTICUT 200,1/31/2019,0.108
PLANT 2,OPTICUT 200,2/1/2019,0.0972
PLANT 2,OPTICUT 200,2/4/2019,0.054
PLANT 2,OPTICUT 200,2/11/2019,0.0648
PLANT 2,OPTICUT 200,2/12/2019,0.0972
PLANT 2,OPTICUT 200,2/13/2019,0.0648
PLANT 2,OPTICUT 200,2/20/2019,0.081
PLANT 2,OPTICUT 200,2/21/2019,0.0648
PLANT 2,OPTICUT 200,2/22/2019,0.0324
PLANT 2,OPTICUT 200,2/26/2019,0.1215
PLANT 2,OPTICUT 200,2/27/2019,0.1535
PLANT 2,OPTICUT 200,3/11/2019,0.1507
PLANT 2,OPTICUT 200,3/12/2019,0.1122
PLANT 2,OPTICUT 200,3/13/2019,0.2505
PLANT 2,OPTICUT 200,3/18/2019,0.0986
PLANT 2,OPTICUT 200,3/19/2019,0.0972
PLANT 2,OPTICUT 200,3/22/2019,0.1057
PLANT 2,OPTICUT 200,3/25/2019,0.0736
PLANT 2,OPTICUT 200,3/26/2019,0.1626
PLANT 2,OPTICUT 200,3/27/2019,0.0814
PLANT 2,OPTICUT 200,3/28/2019,0.1371
PLANT 2,OPTICUT 200,4/1/2019,0.1215
PLANT 2,OPTICUT 200,4/3/2019,0.0929
PLANT 2,OPTICUT 200,4/4/2019,0.0875
PLANT 2,OPTICUT 200,4/8/2019,0.1452
PLANT 2,OPTICUT 200,4/9/2019,0.2051
PLANT 2,OPTICUT 200,4/10/2019,0.1519
PLANT 2,OPTICUT 200,4/11/2019,0.1334
PLANT 2,OPTICUT 200,4/15/2019,0.0881
PLANT 2,OPTICUT 200,4/16/2019,0.2734
PLANT 2,OPTICUT 200,4/18/2019,0.0764
PLANT 2,OPTICUT 200,4/19/2019,0.105
PLANT 2,OPTICUT 200,4/20/2019,0.1855
PLANT 4,P4 SPEC,1/3/2019,2.9167
PLANT 4,P4 SPEC,1/4/2019,1.3359
PLANT 4,P4 SPEC,1/7/2019,2.2047
PLANT 4,P4 SPEC,1/9/2019,0.5932
PLANT 4,P4 SPEC,1/10/2019,1.1475
PLANT 4,P4 SPEC,1/11/2019,0.5497
PLANT 4,P4 SPEC,1/14/2019,0.5368
PLANT 4,P4 SPEC,1/15/2019,1.267
PLANT 4,P4 SPEC,1/16/2019,1.1715
PLANT 4,P4 SPEC,1/17/2019,1.3816
PLANT 4,P4 SPEC,1/21/2019,0.6912
PLANT 4,P4 SPEC,1/22/2019,1.6903
PLANT 4,P4 SPEC,1/23/2019,2.0546
PLANT 4,P4 SPEC,1/28/2019,3.2308
PLANT 4,P4 SPEC,1/29/2019,1.4768
PLANT 4,P4 SPEC,1/30/2019,0.7307
PLANT 4,P4 SPEC,1/31/2019,0.9021
PLANT 4,P4 SPEC,2/5/2019,1.25
PLANT 4,P4 SPEC,2/6/2019,0.6406
PLANT 4,P4 SPEC,2/7/2019,0.4575
PLANT 4,P4 SPEC,2/8/2019,1.2844
PLANT 4,P4 SPEC,2/12/2019,0.4915
PLANT 4,P4 SPEC,2/13/2019,2.017
PLANT 4,P4 SPEC,2/18/2019,1.7451
PLANT 4,P4 SPEC,2/19/2019,1.1214
PLANT 4,P4 SPEC,2/20/2019,0.4629
PLANT 4,P4 SPEC,2/21/2019,1.4934
PLANT 4,P4 SPEC,2/22/2019,0.7503
PLANT 4,P4 SPEC,2/25/2019,1.6095
PLANT 4,P4 SPEC,2/26/2019,2.5671
PLANT 4,P4 SPEC,2/27/2019,0.5212
PLANT 4,P4 SPEC,2/28/2019,0.6115
PLANT 4,P4 SPEC,3/1/2019,1.1174
PLANT 4,P4 SPEC,3/4/2019,0.5795
PLANT 4,P4 SPEC,3/5/2019,0.4824
PLANT 4,P4 SPEC,3/6/2019,0.278
PLANT 4,P4 SPEC,3/7/2019,1.4055
PLANT 4,P4 SPEC,3/8/2019,2.6362
PLANT 4,P4 SPEC,3/11/2019,1.1134
PLANT 4,P4 SPEC,3/12/2019,1.1462
PLANT 4,P4 SPEC,3/13/2019,1.4119
PLANT 4,P4 SPEC,3/14/2019,0.3902
PLANT 4,P4 SPEC,3/15/2019,0.7765
PLANT 4,P4 SPEC,3/19/2019,1.4286
PLANT 4,P4 SPEC,3/21/2019,0.6812
PLANT 4,P4 SPEC,3/22/2019,0.4823
PLANT 4,P4 SPEC,3/25/2019,0.5283
PLANT 4,P4 SPEC,3/26/2019,0.7643
PLANT 4,P4 SPEC,3/27/2019,0.152
PLANT 4,P4 SPEC,3/28/2019,0.4009
PLANT 4,P4 SPEC,4/1/2019,1.2375
PLANT 4,P4 SPEC,4/2/2019,1.6374
PLANT 4,P4 SPEC,4/3/2019,0.2355
PLANT 4,P4 SPEC,4/4/2019,0.2171
PLANT 4,P4 SPEC,4/5/2019,0.3423
PLANT 4,P4 SPEC,4/8/2019,0.855
PLANT 4,P4 SPEC,4/9/2019,0.9134
PLANT 4,P4 SPEC,4/10/2019,0.1545
PLANT 4,P4 SPEC,4/18/2019,0.7786
PLANT 4,P4 SPEC,4/19/2019,0.4709
PLANT 4,P4 SPEC,4/22/2019,0.8378
PLANT 4,P4 SPEC,4/23/2019,2.0134
PLANT 4,P4 SPEC,4/24/2019,1.108
PLANT 4,P4 TRIM,1/2/2019,0.4647
PLANT 4,P4 TRIM,1/3/2019,0.4815
PLANT 4,P4 TRIM,1/4/2019,0.7179
PLANT 4,P4 TRIM,1/7/2019,0.3599
PLANT 4,P4 TRIM,1/8/2019,0.505
PLANT 4,P4 TRIM,1/9/2019,0.4043
PLANT 4,P4 TRIM,1/10/2019,0.5708
PLANT 4,P4 TRIM,1/11/2019,0.3883
PLANT 4,P4 TRIM,1/14/2019,0.4904
PLANT 4,P4 TRIM,1/15/2019,0.5195
PLANT 4,P4 TRIM,1/16/2019,0.3498
PLANT 4,P4 TRIM,1/17/2019,0.6243
PLANT 4,P4 TRIM,1/18/2019,0.9722
PLANT 4,P4 TRIM,1/21/2019,0.8554
PLANT 4,P4 TRIM,1/22/2019,0.4885
PLANT 4,P4 TRIM,1/23/2019,0.4925
PLANT 4,P4 TRIM,1/24/2019,5.0348
PLANT 4,P4 TRIM,1/28/2019,0.6646
PLANT 4,P4 TRIM,1/29/2019,0.5622
PLANT 4,P4 TRIM,1/30/2019,0.4017
PLANT 4,P4 TRIM,1/31/2019,0.3316
PLANT 4,P4 TRIM,2/4/2019,0.4498
PLANT 4,P4 TRIM,2/5/2019,0.4161
PLANT 4,P4 TRIM,2/6/2019,0.6753
PLANT 4,P4 TRIM,2/7/2019,0.4721
PLANT 4,P4 TRIM,2/11/2019,0.5474
PLANT 4,P4 TRIM,2/13/2019,0.4938
PLANT 4,P4 TRIM,2/14/2019,0.1894
PLANT 4,P4 TRIM,2/15/2019,0.3949
PLANT 4,P4 TRIM,2/18/2019,0.429
PLANT 4,P4 TRIM,2/19/2019,0.2964
PLANT 4,P4 TRIM,2/20/2019,0.6637
PLANT 4,P4 TRIM,2/25/2019,0.5763
PLANT 4,P4 TRIM,2/26/2019,0.6553
PLANT 4,P4 TRIM,2/27/2019,0.4633
PLANT 4,P4 TRIM,2/28/2019,1.032
PLANT 4,P4 TRIM,3/4/2019,1.3654
PLANT 4,P4 TRIM,3/5/2019,0.3297
PLANT 4,P4 TRIM,3/6/2019,0.4924
PLANT 4,P4 TRIM,3/7/2019,0.2315
PLANT 4,P4 TRIM,3/8/2019,1.8165
PLANT 4,P4 TRIM,3/11/2019,0.2917
PLANT 4,P4 TRIM,3/12/2019,0.4938
PLANT 4,P4 TRIM,3/13/2019,1.0179
PLANT 4,P4 TRIM,3/14/2019,0.3654
PLANT 4,P4 TRIM,3/18/2019,0.5974
PLANT 4,P4 TRIM,3/19/2019,0.3897
PLANT 4,P4 TRIM,3/20/2019,0.4101
PLANT 4,P4 TRIM,3/21/2019,0.4258
PLANT 4,P4 TRIM,3/22/2019,0.2011
PLANT 4,P4 TRIM,3/25/2019,0.2982
PLANT 4,P4 TRIM,3/26/2019,0.4641
PLANT 4,P4 TRIM,3/27/2019,0.6378
PLANT 4,P4 TRIM,3/28/2019,0.2339
PLANT 4,P4 TRIM,4/1/2019,0.5833
PLANT 4,P4 TRIM,4/2/2019,0.6526
PLANT 4,P4 TRIM,4/3/2019,0.5833
PLANT 4,P4 TRIM,4/4/2019,0.8429
PLANT 4,P4 TRIM,4/8/2019,0.3749
PLANT 4,P4 TRIM,4/9/2019,0.7566
PLANT 4,P4 TRIM,4/10/2019,0.4114
PLANT 4,P4 TRIM,4/11/2019,0.4972
PLANT 4,P4 TRIM,4/12/2019,0.5029
PLANT 4,P4 TRIM,4/15/2019,0.6494
PLANT 4,P4 TRIM,4/16/2019,0.438
PLANT 4,P4 TRIM,4/17/2019,0.3883
PLANT 4,P4 TRIM,4/19/2019,0.6641
PLANT 4,P4 TRIM,4/23/2019,0.5216
PLANT 4,P4 TRIM,4/24/2019,0.4567
PLANT 4,P4 TRIM,4/25/2019,1.2716
PLANT 4,P4 TRIM,4/27/2019,0.3385
PLANT 2,PRIM 1,1/2/2019,0.3753
PLANT 2,PRIM 1,1/3/2019,0.6378
PLANT 2,PRIM 1,1/4/2019,0.2889
PLANT 2,PRIM 1,1/7/2019,0.4227
PLANT 2,PRIM 1,1/8/2019,0.2607
PLANT 2,PRIM 1,1/9/2019,0.2537
PLANT 2,PRIM 1,1/10/2019,0.3232
PLANT 2,PRIM 1,1/11/2019,0.3442
PLANT 2,PRIM 1,1/14/2019,0.2871
PLANT 2,PRIM 1,1/15/2019,0.3915
PLANT 2,PRIM 1,1/16/2019,0.2213
PLANT 2,PRIM 1,1/17/2019,0.1848
PLANT 2,PRIM 1,1/21/2019,0.5414
PLANT 2,PRIM 1,1/22/2019,0.2983
PLANT 2,PRIM 1,1/23/2019,0.2935
PLANT 2,PRIM 1,1/24/2019,0.3016
PLANT 2,PRIM 1,1/25/2019,0.2054
PLANT 2,PRIM 1,1/28/2019,0.4147
PLANT 2,PRIM 1,1/29/2019,0.2917
PLANT 2,PRIM 1,1/30/2019,0.4651
PLANT 2,PRIM 1,1/31/2019,0.3062
PLANT 2,PRIM 1,2/1/2019,0.2091
PLANT 2,PRIM 1,2/4/2019,0.3788
PLANT 2,PRIM 1,2/5/2019,0.2588
PLANT 2,PRIM 1,2/6/2019,0.3661
PLANT 2,PRIM 1,2/7/2019,0.3218
PLANT 2,PRIM 1,2/8/2019,0.2684
PLANT 2,PRIM 1,2/11/2019,0.2941
PLANT 2,PRIM 1,2/12/2019,0.4583
PLANT 2,PRIM 1,2/13/2019,0.5437
PLANT 2,PRIM 1,2/15/2019,0.3359
PLANT 2,PRIM 1,2/18/2019,0.5654
PLANT 2,PRIM 1,2/19/2019,7
PLANT 2,PRIM 1,2/20/2019,0.5147
PLANT 2,PRIM 1,2/21/2019,0.364
PLANT 2,PRIM 1,2/22/2019,0.2758
PLANT 2,PRIM 1,2/25/2019,0.3968
PLANT 2,PRIM 1,2/26/2019,0.4611
PLANT 2,PRIM 1,2/27/2019,0.3784
PLANT 2,PRIM 1,2/28/2019,0.1572
PLANT 2,PRIM 1,3/2/2019,0.3211
PLANT 2,PRIM 1,3/4/2019,0.5004
PLANT 2,PRIM 1,3/5/2019,0.2619
PLANT 2,PRIM 1,3/6/2019,0.39
PLANT 2,PRIM 1,3/7/2019,0.3614
PLANT 2,PRIM 1,3/8/2019,0.2677
PLANT 2,PRIM 1,3/11/2019,0.6239
PLANT 2,PRIM 1,3/12/2019,0.2552
PLANT 2,PRIM 1,3/13/2019,0.2617
PLANT 2,PRIM 1,3/14/2019,0.3772
PLANT 2,PRIM 1,3/15/2019,0.4553
PLANT 2,PRIM 1,3/18/2019,0.3525
PLANT 2,PRIM 1,3/19/2019,0.5556
PLANT 2,PRIM 1,3/20/2019,0.3289
PLANT 2,PRIM 1,3/21/2019,0.3747
PLANT 2,PRIM 1,3/22/2019,0.8444
PLANT 2,PRIM 1,3/26/2019,0.402
PLANT 2,PRIM 1,3/27/2019,0.5043
PLANT 2,PRIM 1,3/28/2019,0.1572
PLANT 2,PRIM 1,3/29/2019,0.2491
PLANT 2,PRIM 1,4/1/2019,0.5932
PLANT 2,PRIM 1,4/2/2019,0.3073
PLANT 2,PRIM 1,4/3/2019,0.5526
PLANT 2,PRIM 1,4/4/2019,0.7216
PLANT 2,PRIM 1,4/8/2019,0.4118
PLANT 2,PRIM 1,4/9/2019,0.4566
PLANT 2,PRIM 1,4/10/2019,0.3323
PLANT 2,PRIM 1,4/11/2019,0.5591
PLANT 2,PRIM 1,4/13/2019,0.2622
PLANT 2,PRIM 1,4/15/2019,0.8235
PLANT 2,PRIM 1,4/16/2019,1.0802
PLANT 2,PRIM 1,4/17/2019,0.3941
PLANT 2,PRIM 1,4/18/2019,0.4704
PLANT 2,PRIM 1,4/19/2019,0.1642
PLANT 2,PRIM 1,4/22/2019,0.2009
PLANT 2,PRIM 1,4/23/2019,0.172
PLANT 2,PRIM 1,4/24/2019,0.4972
PLANT 2,PRIM 1,4/25/2019,0.2431
PLANT 2,PRIM 2,1/2/2019,0.2401
PLANT 2,PRIM 2,1/3/2019,0.5295
PLANT 2,PRIM 2,1/7/2019,0.3262
PLANT 2,PRIM 2,1/8/2019,0.5178
PLANT 2,PRIM 2,1/9/2019,0.546
PLANT 2,PRIM 2,1/10/2019,0.6034
PLANT 2,PRIM 2,1/11/2019,0.3349
PLANT 2,PRIM 2,1/14/2019,0.1411
PLANT 2,PRIM 2,1/15/2019,0.4923
PLANT 2,PRIM 2,1/16/2019,0.2888
PLANT 2,PRIM 2,1/17/2019,0.3611
PLANT 2,PRIM 2,1/19/2019,0.393
PLANT 2,PRIM 2,1/21/2019,0.4137
PLANT 2,PRIM 2,1/22/2019,0.2877
PLANT 2,PRIM 2,1/23/2019,0.3933
PLANT 2,PRIM 2,1/28/2019,0.1747
PLANT 2,PRIM 2,1/29/2019,0.8424
PLANT 2,PRIM 2,1/30/2019,0.1836
PLANT 2,PRIM 2,1/31/2019,0.1907
PLANT 2,PRIM 2,2/4/2019,0.1822
PLANT 2,PRIM 2,2/5/2019,0.3845
PLANT 2,PRIM 2,2/6/2019,0.422
PLANT 2,PRIM 2,2/7/2019,0.2827
PLANT 2,PRIM 2,2/8/2019,0.2778
PLANT 2,PRIM 2,2/11/2019,0.1826
PLANT 2,PRIM 2,2/12/2019,0.2403
PLANT 2,PRIM 2,2/13/2019,0.1588
PLANT 2,PRIM 2,2/14/2019,0.3857
PLANT 2,PRIM 2,2/15/2019,0.8223
PLANT 2,PRIM 2,2/18/2019,0.1416
PLANT 2,PRIM 2,2/19/2019,0.2791
PLANT 2,PRIM 2,2/20/2019,0.2504
PLANT 2,PRIM 2,2/21/2019,0.2514
PLANT 2,PRIM 2,2/22/2019,1.1076
PLANT 2,PRIM 2,2/26/2019,0.1938
PLANT 2,PRIM 2,2/27/2019,0.2864
PLANT 2,PRIM 2,2/28/2019,0.1333
PLANT 2,PRIM 2,3/1/2019,0.2085
PLANT 2,PRIM 2,3/2/2019,0.1277
PLANT 2,PRIM 2,3/4/2019,0.1735
PLANT 2,PRIM 2,3/5/2019,0.3
PLANT 2,PRIM 2,3/6/2019,0.2803
PLANT 2,PRIM 2,3/7/2019,0.1725
PLANT 2,PRIM 2,3/8/2019,0.175
PLANT 2,PRIM 2,3/11/2019,0.2266
PLANT 2,PRIM 2,3/12/2019,0.2039
PLANT 2,PRIM 2,3/13/2019,0.1891
PLANT 2,PRIM 2,3/14/2019,0.1688
PLANT 2,PRIM 2,3/15/2019,0.2594
PLANT 2,PRIM 2,3/18/2019,0.3092
PLANT 2,PRIM 2,3/19/2019,0.7865
PLANT 2,PRIM 2,3/20/2019,0.359
PLANT 2,PRIM 2,3/21/2019,0.3607
PLANT 2,PRIM 2,3/22/2019,0.1718
PLANT 2,PRIM 2,3/25/2019,0.1553
PLANT 2,PRIM 2,3/26/2019,0.3197
PLANT 2,PRIM 2,3/27/2019,2.1
PLANT 2,PRIM 2,3/28/2019,0.1333
PLANT 2,PRIM 2,3/29/2019,0.378
PLANT 2,PRIM 2,4/1/2019,0.7431
PLANT 2,PRIM 2,4/3/2019,1.0386
PLANT 2,PRIM 2,4/4/2019,0.5573
PLANT 2,PRIM 2,4/8/2019,0.2931
PLANT 2,PRIM 2,4/9/2019,0.3455
PLANT 2,PRIM 2,4/10/2019,0.5431
PLANT 2,PRIM 2,4/11/2019,0.4009
PLANT 2,PRIM 2,4/12/2019,0.4986
PLANT 2,PRIM 2,4/15/2019,0.2513
PLANT 2,PRIM 2,4/16/2019,0.1184
PLANT 2,PRIM 2,4/17/2019,0.1446
PLANT 2,PRIM 2,4/18/2019,0.1308
PLANT 2,PRIM 2,4/19/2019,0.6278
PLANT 2,PRIM 2,4/22/2019,0.3241
PLANT 2,PRIM 2,4/23/2019,0.35
PLANT 2,PRIM 2,4/25/2019,0.3559
PLANT 3,PROGRESSIVE,1/2/2019,0.5331
PLANT 3,PROGRESSIVE,1/3/2019,0.5844
PLANT 3,PROGRESSIVE,1/4/2019,0.4687
PLANT 3,PROGRESSIVE,1/6/2019,0.4217
PLANT 3,PROGRESSIVE,1/7/2019,0.7471
PLANT 3,PROGRESSIVE,1/8/2019,0.7165
PLANT 3,PROGRESSIVE,1/9/2019,0.6856
PLANT 3,PROGRESSIVE,1/10/2019,0.7388
PLANT 3,PROGRESSIVE,1/11/2019,0.5732
PLANT 3,PROGRESSIVE,1/13/2019,0.4514
PLANT 3,PROGRESSIVE,1/14/2019,0.511
PLANT 3,PROGRESSIVE,1/15/2019,0.6297
PLANT 3,PROGRESSIVE,1/16/2019,0.5071
PLANT 3,PROGRESSIVE,1/17/2019,1.54
PLANT 3,PROGRESSIVE,1/20/2019,0.5331
PLANT 3,PROGRESSIVE,1/21/2019,0.6678
PLANT 3,PROGRESSIVE,1/22/2019,0.9409
PLANT 3,PROGRESSIVE,1/23/2019,0.7312
PLANT 3,PROGRESSIVE,1/24/2019,0.5443
PLANT 3,PROGRESSIVE,1/28/2019,0.7479
PLANT 3,PROGRESSIVE,1/29/2019,0.6504
PLANT 3,PROGRESSIVE,1/30/2019,0.7809
PLANT 3,PROGRESSIVE,1/31/2019,0.7529
PLANT 3,PROGRESSIVE,2/3/2019,0.4469
PLANT 3,PROGRESSIVE,2/4/2019,0.5464
PLANT 3,PROGRESSIVE,2/5/2019,0.3838
PLANT 3,PROGRESSIVE,2/7/2019,1.1798
PLANT 3,PROGRESSIVE,2/10/2019,0.549
PLANT 3,PROGRESSIVE,2/11/2019,0.5681
PLANT 3,PROGRESSIVE,2/12/2019,0.5334
PLANT 3,PROGRESSIVE,2/13/2019,0.9144
PLANT 3,PROGRESSIVE,2/17/2019,0.5804
PLANT 3,PROGRESSIVE,2/18/2019,0.5332
PLANT 3,PROGRESSIVE,2/19/2019,0.6418
PLANT 3,PROGRESSIVE,2/20/2019,0.4341
PLANT 3,PROGRESSIVE,2/21/2019,0.5492
PLANT 3,PROGRESSIVE,2/24/2019,0.5512
PLANT 3,PROGRESSIVE,2/25/2019,0.59
PLANT 3,PROGRESSIVE,2/26/2019,0.6169
PLANT 3,PROGRESSIVE,2/27/2019,0.4679
PLANT 3,PROGRESSIVE,2/28/2019,0.2388
PLANT 3,PROGRESSIVE,3/3/2019,175
PLANT 3,PROGRESSIVE,3/4/2019,0.4221
PLANT 3,PROGRESSIVE,3/5/2019,0.5416
PLANT 3,PROGRESSIVE,3/6/2019,0.6208
PLANT 3,PROGRESSIVE,3/7/2019,0.8165
PLANT 3,PROGRESSIVE,3/11/2019,0.546
PLANT 3,PROGRESSIVE,3/12/2019,0.4203
PLANT 3,PROGRESSIVE,3/13/2019,0.9697
PLANT 3,PROGRESSIVE,3/14/2019,0.7138
PLANT 3,PROGRESSIVE,3/17/2019,0.4288
PLANT 3,PROGRESSIVE,3/18/2019,0.62
PLANT 3,PROGRESSIVE,3/19/2019,0.7238
PLANT 3,PROGRESSIVE,3/20/2019,0.689
PLANT 3,PROGRESSIVE,3/24/2019,0.6478
PLANT 3,PROGRESSIVE,3/25/2019,0.8087
PLANT 3,PROGRESSIVE,3/26/2019,0.7285
PLANT 3,PROGRESSIVE,3/27/2019,0.4579
PLANT 3,PROGRESSIVE,3/28/2019,0.3593
PLANT 3,PROGRESSIVE,3/29/2019,0.4795
PLANT 3,PROGRESSIVE,4/1/2019,0.8927
PLANT 3,PROGRESSIVE,4/2/2019,0.6782
PLANT 3,PROGRESSIVE,4/3/2019,0.6579
PLANT 3,PROGRESSIVE,4/8/2019,0.73
PLANT 3,PROGRESSIVE,4/9/2019,0.5411
PLANT 3,PROGRESSIVE,4/10/2019,0.5824
PLANT 3,PROGRESSIVE,4/11/2019,1.0454
PLANT 3,PROGRESSIVE,4/12/2019,0.7207
PLANT 3,PROGRESSIVE,4/14/2019,0.6061
PLANT 3,PROGRESSIVE,4/15/2019,0.763
PLANT 3,PROGRESSIVE,4/16/2019,0.6357
PLANT 3,PROGRESSIVE,4/17/2019,0.6308
PLANT 3,PROGRESSIVE,4/18/2019,0.4971
PLANT 3,PROGRESSIVE,4/19/2019,0.4437
PLANT 3,PROGRESSIVE,4/22/2019,0.7022
PLANT 3,PROGRESSIVE,4/24/2019,0.602
PLANT 3,PROGRESSIVE,4/25/2019,0.7304
PLANT 3,PROGRESSIVE,5/31/2019,0.738
PLANT 2,RADSAW P2,1/7/2019,0.8235
PLANT 2,RADSAW P2,1/8/2019,1.2027
PLANT 2,RADSAW P2,1/11/2019,0.0831
PLANT 2,RADSAW P2,1/31/2019,1.5909
PLANT 2,RADSAW P2,2/5/2019,2.6923
PLANT 2,RADSAW P2,2/6/2019,4.3077
PLANT 2,RADSAW P2,2/7/2019,0.6364
PLANT 2,RADSAW P2,2/8/2019,0.3763
PLANT 2,RADSAW P2,2/12/2019,0.2016
PLANT 2,RADSAW P2,2/13/2019,1.931
PLANT 2,RADSAW P2,2/18/2019,0.614
PLANT 2,RADSAW P2,2/19/2019,0.3302
PLANT 2,RADSAW P2,2/22/2019,0.028
PLANT 4,RADSAW P4,1/8/2019,1.0606
PLANT 4,RADSAW P4,2/11/2019,2.1131
PLANT 4,RADSAW P4,2/14/2019,1.9293
PLANT 4,RADSAW P4,3/20/2019,1.5152
PLANT 4,RADSAW P4,4/11/2019,0.2333
PLANT 4,RADSAW P4,4/12/2019,4.1525
PLANT 4,RADSAW P4,4/15/2019,1.5
PLANT 4,RADSAW P4,4/16/2019,0.4636
PLANT 2,STRAIGHTLINE,1/10/2019,0.6393
PLANT 2,STRAIGHTLINE,1/11/2019,0.5162
PLANT 2,STRAIGHTLINE,1/21/2019,0.4419
PLANT 2,STRAIGHTLINE,2/19/2019,0.2618
PLANT 2,STRAIGHTLINE,2/20/2019,0.3611
PLANT 2,STRAIGHTLINE,2/26/2019,0.5568
PLANT 2,STRAIGHTLINE,2/27/2019,0.2333
PLANT 2,STRAIGHTLINE,3/2/2019,0.5263
PLANT 2,STRAIGHTLINE,3/7/2019,0.6683
PLANT 2,STRAIGHTLINE,3/8/2019,0.6152
PLANT 2,STRAIGHTLINE,3/11/2019,1.2963
PLANT 2,STRAIGHTLINE,3/12/2019,1.0696
PLANT 2,STRAIGHTLINE,3/18/2019,0.3515
PLANT 2,STRAIGHTLINE,3/19/2019,0.6667
PLANT 2,STRAIGHTLINE,4/1/2019,0.4268
PLANT 2,STRAIGHTLINE,4/24/2019,0.3116
PLANT 3,STRK 1,1/2/2019,0.9722
PLANT 3,STRK 1,1/3/2019,0.8502
PLANT 3,STRK 1,1/10/2019,1.6746
PLANT 3,STRK 1,1/14/2019,1.1667
PLANT 3,STRK 1,1/17/2019,1.5695
PLANT 3,STRK 1,1/23/2019,0.9709
PLANT 3,STRK 1,1/24/2019,0.5771
PLANT 3,STRK 1,1/29/2019,1
PLANT 3,STRK 1,2/1/2019,1.4
PLANT 3,STRK 1,2/4/2019,1.129
PLANT 3,STRK 1,2/11/2019,1.7327
PLANT 3,STRK 1,2/13/2019,1.4141
PLANT 3,STRK 1,2/19/2019,1.7666
PLANT 3,STRK 1,2/21/2019,0.9428
PLANT 3,STRK 1,2/22/2019,1.1222
PLANT 3,STRK 1,3/5/2019,1.0256
PLANT 3,STRK 1,3/14/2019,0.9672
PLANT 3,STRK 1,3/15/2019,1.2335
PLANT 3,STRK 1,3/21/2019,1.3208
PLANT 3,STRK 1,3/22/2019,0.9912
PLANT 3,STRK 1,4/10/2019,0.7557
PLANT 3,STRK 1,4/16/2019,2.2951
PLANT 3,STRK 1,4/17/2019,1.8792
PLANT 3,STRK 1,4/18/2019,0.5512
PLANT 3,STRK 1,4/19/2019,1.12
PLANT 3,STRK 1,4/22/2019,1.4
PLANT 3,STRK 1,4/23/2019,1.1268
PLANT 3,STRK 1,4/25/2019,1.2584
PLANT 3,STRK 1,7/28/2019,1.4286
PLANT 3,STRIKE PLATE,1/2/2019,0.9722
PLANT 3,STRIKE PLATE,1/3/2019,1.1111
PLANT 3,STRIKE PLATE,1/7/2019,0.651
PLANT 3,STRIKE PLATE,1/8/2019,0.7338
PLANT 3,STRIKE PLATE,1/9/2019,1.2353
PLANT 3,STRIKE PLATE,1/14/2019,0.6066
PLANT 3,STRIKE PLATE,1/15/2019,0.7426
PLANT 3,STRIKE PLATE,1/17/2019,1.0558
PLANT 3,STRIKE PLATE,1/23/2019,0.7028
PLANT 3,STRIKE PLATE,2/4/2019,0.9121
PLANT 3,STRIKE PLATE,2/5/2019,1.5909
PLANT 3,STRIKE PLATE,2/25/2019,0.4421
PLANT 3,STRIKE PLATE,3/6/2019,0.875
PLANT 3,STRIKE PLATE,3/14/2019,1.2963
PLANT 3,STRIKE PLATE,3/18/2019,0.6542
PLANT 3,STRIKE PLATE,3/19/2019,0.9941
PLANT 3,STRIKE PLATE,3/20/2019,2.8866
PLANT 3,STRIKE PLATE,3/21/2019,0.6364
PLANT 3,STRIKE PLATE,4/4/2019,2.1875
PLANT 3,STRIKE PLATE,4/9/2019,0.7437
PLANT 3,STRIKE PLATE,4/16/2019,0.9013
PLANT 3,STRIKE PLATE,4/17/2019,1.6
PLANT 3,STRIKE PLATE,4/23/2019,1.75
PLANT 3,STUF 1,1/2/2019,0.2873
PLANT 3,STUF 1,1/3/2019,0.5171
PLANT 3,STUF 1,1/7/2019,0.2576
PLANT 3,STUF 1,1/8/2019,0.3191
PLANT 3,STUF 1,1/9/2019,0.4316
PLANT 3,STUF 1,1/10/2019,0.385
PLANT 3,STUF 1,1/11/2019,0.6335
PLANT 3,STUF 1,1/14/2019,0.3344
PLANT 3,STUF 1,1/15/2019,0.3062
PLANT 3,STUF 1,1/16/2019,0.447
PLANT 3,STUF 1,1/17/2019,0.5673
PLANT 3,STUF 1,1/18/2019,0.5401
PLANT 3,STUF 1,1/21/2019,0.4207
PLANT 3,STUF 1,1/22/2019,0.4404
PLANT 3,STUF 1,1/23/2019,0.4334
PLANT 3,STUF 1,1/24/2019,1.4902
PLANT 3,STUF 1,1/28/2019,0.4051
PLANT 3,STUF 1,1/29/2019,0.3913
PLANT 3,STUF 1,1/31/2019,0.4471
PLANT 3,STUF 1,2/1/2019,0.2817
PLANT 3,STUF 1,2/4/2019,0.2857
PLANT 3,STUF 1,2/5/2019,0.4861
PLANT 3,STUF 1,2/6/2019,0.7009
PLANT 3,STUF 1,2/7/2019,0.4192
PLANT 3,STUF 1,2/8/2019,0.3608
PLANT 3,STUF 1,2/11/2019,0.436
PLANT 3,STUF 1,2/12/2019,0.4857
PLANT 3,STUF 1,2/13/2019,0.6
PLANT 3,STUF 1,2/18/2019,0.4361
PLANT 3,STUF 1,2/19/2019,0.5833
PLANT 3,STUF 1,2/21/2019,1.0487
PLANT 3,STUF 1,2/22/2019,0.6371
PLANT 3,STUF 1,2/25/2019,0.3444
PLANT 3,STUF 1,2/26/2019,0.5622
PLANT 3,STUF 1,2/27/2019,0.3731
PLANT 3,STUF 1,2/28/2019,0.8946
PLANT 3,STUF 1,3/4/2019,0.4017
PLANT 3,STUF 1,3/5/2019,0.2911
PLANT 3,STUF 1,3/6/2019,0.2834
PLANT 3,STUF 1,3/7/2019,0.4491
PLANT 3,STUF 1,3/11/2019,0.4853
PLANT 3,STUF 1,3/12/2019,0.5356
PLANT 3,STUF 1,3/13/2019,0.4377
PLANT 3,STUF 1,3/14/2019,0.4378
PLANT 3,STUF 1,3/18/2019,0.4553
PLANT 3,STUF 1,3/20/2019,0.9032
PLANT 3,STUF 1,3/21/2019,0.3048
PLANT 3,STUF 1,3/25/2019,0.5645
PLANT 3,STUF 1,3/26/2019,0.347
PLANT 3,STUF 1,3/27/2019,0.2358
PLANT 3,STUF 1,3/28/2019,0.2881
PLANT 3,STUF 1,3/29/2019,0.4583
PLANT 3,STUF 1,4/1/2019,0.3079
PLANT 3,STUF 1,4/2/2019,0.4861
PLANT 3,STUF 1,4/3/2019,0.7692
PLANT 3,STUF 1,4/4/2019,1.009
PLANT 3,STUF 1,4/5/2019,1.3125
PLANT 3,STUF 1,4/8/2019,0.322
PLANT 3,STUF 1,4/10/2019,0.3524
PLANT 3,STUF 1,4/11/2019,0.3211
PLANT 3,STUF 1,4/12/2019,3.1461
PLANT 3,STUF 1,4/15/2019,0.3989
PLANT 3,STUF 1,4/16/2019,0.4423
PLANT 3,STUF 1,4/17/2019,0.359
PLANT 3,STUF 1,4/18/2019,0.4179
PLANT 3,STUF 1,4/19/2019,0.3675
PLANT 3,STUF 1,4/22/2019,0.3101
PLANT 3,STUF 1,4/23/2019,0.3279
PLANT 3,STUF 1,4/25/2019,0.8223
PLANT 3,STUF 1,4/26/2019,0.5463
PLANT 2,TENON 1,1/7/2019,1.306
PLANT 2,TENON 1,1/8/2019,0.6965
PLANT 2,TENON 1,1/17/2019,1.3462
PLANT 2,TENON 1,1/24/2019,0.8883
PLANT 2,TENON 1,1/28/2019,0.4408
PLANT 2,TENON 1,1/29/2019,0.1243
PLANT 2,TENON 1,1/30/2019,0.9412
PLANT 2,TENON 1,1/31/2019,0.6818
PLANT 2,TENON 1,2/5/2019,1.547
PLANT 2,TENON 1,2/6/2019,0.4943
PLANT 2,TENON 1,2/11/2019,0.6502
PLANT 2,TENON 1,2/19/2019,0.1378
PLANT 2,TENON 1,2/28/2019,0.7323
PLANT 2,TENON 1,3/1/2019,0.6731
PLANT 2,TENON 1,3/2/2019,0.614
PLANT 2,TENON 1,3/4/2019,0.0675
PLANT 2,TENON 1,3/5/2019,0.5556
PLANT 2,TENON 1,3/7/2019,1.0526
PLANT 2,TENON 1,3/8/2019,0.5801
PLANT 2,TENON 2,1/2/2019,0.4055
PLANT 2,TENON 2,1/4/2019,0.4023
PLANT 2,TENON 2,1/7/2019,0.209
PLANT 2,TENON 2,1/8/2019,0.151
PLANT 2,TENON 2,1/9/2019,0.2192
PLANT 2,TENON 2,1/10/2019,0.1377
PLANT 2,TENON 2,1/11/2019,0.1731
PLANT 2,TENON 2,1/14/2019,0.5659
PLANT 2,TENON 2,1/15/2019,0.2356
PLANT 2,TENON 2,1/16/2019,0.3571
PLANT 2,TENON 2,1/17/2019,0.323
PLANT 2,TENON 2,1/18/2019,0.9211
PLANT 2,TENON 2,1/21/2019,0.5057
PLANT 2,TENON 2,1/22/2019,0.2359
PLANT 2,TENON 2,1/23/2019,0.5393
PLANT 2,TENON 2,1/24/2019,0.1656
PLANT 2,TENON 2,1/25/2019,0.2759
PLANT 2,TENON 2,1/28/2019,0.3889
PLANT 2,TENON 2,1/29/2019,0.164
PLANT 2,TENON 2,1/30/2019,0.3767
PLANT 2,TENON 2,1/31/2019,0.2389
PLANT 2,TENON 2,2/3/2019,0.2436
PLANT 2,TENON 2,2/5/2019,0.2663
PLANT 2,TENON 2,2/6/2019,1.0566
PLANT 2,TENON 2,2/7/2019,0.3491
PLANT 2,TENON 2,2/8/2019,0.4803
PLANT 2,TENON 2,2/11/2019,0.1794
PLANT 2,TENON 2,2/12/2019,0.2117
PLANT 2,TENON 2,2/13/2019,0.292
PLANT 2,TENON 2,2/14/2019,0.3515
PLANT 2,TENON 2,2/15/2019,0.8805
PLANT 2,TENON 2,2/18/2019,0.2888
PLANT 2,TENON 2,2/19/2019,0.2899
PLANT 2,TENON 2,2/20/2019,0.9321
PLANT 2,TENON 2,2/21/2019,0.2077
PLANT 2,TENON 2,2/22/2019,0.494
PLANT 2,TENON 2,2/25/2019,0.6087
PLANT 2,TENON 2,2/26/2019,0.3004
PLANT 2,TENON 2,2/27/2019,0.289
PLANT 2,TENON 2,2/28/2019,0.1713
PLANT 2,TENON 2,3/1/2019,0.2562
PLANT 2,TENON 2,3/2/2019,0.219
PLANT 2,TENON 2,3/4/2019,0.3937
PLANT 2,TENON 2,3/5/2019,0.4733
PLANT 2,TENON 2,3/6/2019,0.3205
PLANT 2,TENON 2,3/7/2019,0.3599
PLANT 2,TENON 2,3/8/2019,0.5228
PLANT 2,TENON 2,3/11/2019,0.333
PLANT 2,TENON 2,3/12/2019,0.5728
PLANT 2,TENON 2,3/13/2019,0.6222
PLANT 2,TENON 2,3/14/2019,0.3297
PLANT 2,TENON 2,3/18/2019,0.1899
PLANT 2,TENON 2,3/19/2019,1.0526
PLANT 2,TENON 2,3/20/2019,0.942
PLANT 2,TENON 2,3/21/2019,0.5255
PLANT 2,TENON 2,3/25/2019,0.1167
PLANT 2,TENON 2,3/27/2019,1.3889
PLANT 2,TENON 2,3/29/2019,0.8872
PLANT 2,TENON 2,3/30/2019,0.6481
PLANT 2,TENON 2,4/1/2019,0.2662
PLANT 2,TENON 2,4/2/2019,0.4031
PLANT 2,TENON 2,4/5/2019,0.6518
PLANT 2,TENON 2,4/8/2019,0.8589
PLANT 2,TENON 2,4/9/2019,0.6452
PLANT 2,TENON 2,4/10/2019,1.0219
PLANT 2,TENON 2,4/11/2019,1.9868
PLANT 2,TENON 2,4/12/2019,0.7505
PLANT 2,TENON 2,4/15/2019,0.1877
PLANT 2,TENON 2,4/16/2019,0.5682
PLANT 2,TENON 2,4/17/2019,0.2917
PLANT 2,TENON 2,4/22/2019,0.4918
PLANT 2,TENON 2,4/23/2019,0.5843
PLANT 2,TENON 2,4/24/2019,0.2773
PLANT 2,TENON 3,1/2/2019,0.3648
PLANT 2,TENON 3,1/3/2019,0.3944
PLANT 2,TENON 3,1/4/2019,0.2004
PLANT 2,TENON 3,1/7/2019,0.2265
PLANT 2,TENON 3,1/8/2019,2.029
PLANT 2,TENON 3,1/9/2019,0.3227
PLANT 2,TENON 3,1/10/2019,0.2023
PLANT 2,TENON 3,1/11/2019,0.7813
PLANT 2,TENON 3,1/14/2019,0.2714
PLANT 2,TENON 3,1/15/2019,0.4572
PLANT 2,TENON 3,1/16/2019,0.5525
PLANT 2,TENON 3,1/17/2019,0.7307
PLANT 2,TENON 3,1/18/2019,0.4268
PLANT 2,TENON 3,1/21/2019,0.359
PLANT 2,TENON 3,1/22/2019,0.3431
PLANT 2,TENON 3,1/23/2019,0.4654
PLANT 2,TENON 3,1/24/2019,0.3054
PLANT 2,TENON 3,1/25/2019,0.3027
PLANT 2,TENON 3,1/28/2019,0.2351
PLANT 2,TENON 3,1/29/2019,0.2776
PLANT 2,TENON 3,1/30/2019,0.8235
PLANT 2,TENON 3,1/31/2019,0.7919
PLANT 2,TENON 3,2/4/2019,0.3569
PLANT 2,TENON 3,2/5/2019,0.3916
PLANT 2,TENON 3,2/6/2019,0.57
PLANT 2,TENON 3,2/7/2019,0.5109
PLANT 2,TENON 3,2/8/2019,0.266
PLANT 2,TENON 3,2/11/2019,0.5534
PLANT 2,TENON 3,2/12/2019,0.5015
PLANT 2,TENON 3,2/13/2019,0.2622
PLANT 2,TENON 3,2/14/2019,0.2729
PLANT 2,TENON 3,2/15/2019,0.5833
PLANT 2,TENON 3,2/18/2019,0.3521
PLANT 2,TENON 3,2/19/2019,0.303
PLANT 2,TENON 3,2/20/2019,0.5618
PLANT 2,TENON 3,2/21/2019,0.7085
PLANT 2,TENON 3,2/22/2019,0.3386
PLANT 2,TENON 3,2/25/2019,0.241
PLANT 2,TENON 3,2/26/2019,1.2727
PLANT 2,TENON 3,2/27/2019,0.5983
PLANT 2,TENON 3,3/1/2019,0.7591
PLANT 2,TENON 3,3/2/2019,0.7292
PLANT 2,TENON 3,3/4/2019,0.4369
PLANT 2,TENON 3,3/5/2019,0.1802
PLANT 2,TENON 3,3/6/2019,0.2186
PLANT 2,TENON 3,3/7/2019,0.7903
PLANT 2,TENON 3,3/8/2019,0.784
PLANT 2,TENON 3,3/9/2019,0.2563
PLANT 2,TENON 3,3/11/2019,0.2317
PLANT 2,TENON 3,3/12/2019,0.2085
PLANT 2,TENON 3,3/13/2019,0.2224
PLANT 2,TENON 3,3/14/2019,0.8383
PLANT 2,TENON 3,3/15/2019,0.2177
PLANT 2,TENON 3,3/18/2019,0.173
PLANT 2,TENON 3,3/19/2019,0.3421
PLANT 2,TENON 3,3/20/2019,0.498
PLANT 2,TENON 3,3/22/2019,1.4583
PLANT 2,TENON 3,3/23/2019,1.4583
PLANT 2,TENON 3,3/25/2019,0.2363
PLANT 2,TENON 3,3/26/2019,0.1555
PLANT 2,TENON 3,3/27/2019,0.1555
PLANT 2,TENON 3,3/28/2019,0.4308
PLANT 2,TENON 3,3/29/2019,0.3214
PLANT 2,TENON 3,4/1/2019,0.2188
PLANT 2,TENON 3,4/2/2019,0.1971
PLANT 2,TENON 3,4/4/2019,0.4118
PLANT 2,TENON 3,4/8/2019,0.0895
PLANT 2,TENON 3,4/9/2019,0.3586
PLANT 2,TENON 3,4/10/2019,0.3696
PLANT 2,TENON 3,4/11/2019,0.402
PLANT 2,TENON 3,4/12/2019,0.9162
PLANT 2,TENON 3,4/15/2019,0.2917
PLANT 2,TENON 3,4/16/2019,0.3101
PLANT 2,TENON 3,4/17/2019,0.5034
PLANT 2,TENON 3,4/19/2019,0.4745
PLANT 2,TENON 3,4/22/2019,0.3194
PLANT 2,TENON 3,4/23/2019,0.3647
PLANT 2,TENON 3,4/24/2019,0.2679
,,,
,,,
,,,
,,,
,,,
,,,
,,,
,,,
,,,
,,,
,,,
,,,
,,,
,,,
,,,
,,,
,,,
,,,
,,,
,,,
,,,
,,,
,,,
,,,
,,,
,,,
,,,
,,,
,,,
,,,
,,,
,,,
,,,
,,,
,,,
,,,
,,,
,,,
,,,
,,,
,,,
,,,
,,,
,,,
,,,
,,,
,,,
,,,
,,,
,,,
,,,
,,,
,,,
,,,
,,,
,,,
,,,
,,,
,,,
,,,
,,,
,,,
,,,
,,,
,,,
,,,
,,,
,,,
,,,
,,,
,,,
,,,
,,,
,,,
,,,
,,,
,,,
,,,
,,,
,,,
,,,
,,,
,,,
,,,
,,,
,,,
,,,
,,,
,,,
,,,
,,,
,,,
,,,
,,,
,,,
,,,
,,,
,,,
,,,
,,,
,,,
,,,
,,,
,,,
,,,
,,,
,,,
,,,
,,,
,,,
,,,
,,,
,,,
,,,
,,,
,,,
,,,
,,,
,,,
,,,
,,,
,,,
,,,
,,,
,,,
,,,
,,,
,,,
,,,
,,,
,,,
,,,
,,,
,,,
,,,
,,,
,,,
,,,
,,,
,,,
,,,
,,,
,,,
,,,
,,,
,,,
,,,
,,,
,,,
,,,
,,,
,,,
,,,
,,,
,,,
,,,
,,,
,,,
,,,
,,,
,,,
,,,
,,,
,,,
,,,
,,,
,,,
,,,
,,,
,,,
,,,
,,,
,,,
,,,
,,,
,,,
,,,
,,,
,,,
,,,
,,,
,,,
,,,
,,,
,,,
,,,
,,,
,,,
,,,
,,,
,,,
,,,
,,,
,,,
,,,
,,,
,,,
,,,
,,,
,,,
,,,
,,,
,,,
,,,
,,,
,,,
,,,
,,,
,,,
,,,
,,,
,,,
,,,
,,,
,,,
,,,
,,,
,,,
,,,
,,,
,,,
,,,
,,,
,,,
,,,
,,,
,,,
,,,
,,,
,,,
,,,
,,,
,,,
,,,
,,,
,,,
,,,
,,,
,,,
,,,
,,,
,,,
,,,
,,,
,,,
,,,
,,,
,,,
,,,
,,,
,,,
,,,
,,,
,,,
,,,
,,,
,,,
,,,
,,,
,,,
,,,
,,,
,,,
,,,
,,,
,,,
,,,
,,,
,,,
,,,
,,,
,,,
,,,
,,,
,,,
,,,
,,,
,,,
,,,
,,,
,,,
,,,
,,,
,,,
,,,
,,,
,,,
,,,
,,,
,,,
,,,
,,,
,,,
,,,
,,,
,,,
,,,
,,,
,,,
,,,
,,,
,,,
,,,
,,,
,,,
,,,
,,,
,,,
,,,
,,,
,,,
,,,
,,,
,,,
,,,
,,,
,,,
,,,
,,,
,,,
,,,
,,,
,,,
,,,
,,,
,,,
,,,
,,,
,,,
,,,
,,,
,,,
,,,
,,,
,,,
,,,
,,,
,,,
,,,
,,,
,,,
,,,
,,,
,,,
,,,
,,,
,,,
,,,
,,,
,,,
,,,
,,,
,,,
,,,
,,,
,,,
,,,
,,,
,,,
,,,
,,,
,,,
,,,
,,,
,,,
,,,
,,,
,,,
,,,
,,,
,,,
,,,
,,,
,,,
,,,
,,,
,,,
,,,
,,,
,,,
,,,
,,,
,,,
,,,
,,,
,,,
,,,
,,,
,,,
,,,
,,,
,,,
,,,
,,,
,,,
,,,
,,,
,,,
,,,
,,,
,,,
,,,
,,,
,,,
,,,
,,,
,,,
,,,
,,,
,,,
,,,
,,,
,,,
,,,
,,,
,,,
,,,
,,,
,,,
,,,
,,,
,,,
,,,
,,,
,,,
,,,
,,,
,,,
,,,
,,,
,,,
,,,
,,,
,,,
,,,
,,,
,,,
,,,
,,,
,,,
,,,
,,,
,,,
,,,
,,,
,,,
,,,
,,,
,,,
,,,
,,,
,,,
